figure,filename,description,png_path,pdf_path,png_exists,pdf_exists
2.1,map_study_area_corridor,Study area and RP500 corridor,/Users/maxi_161/Desktop/UNI/Master/THESIS/Master-Thesis/THESIS_DRAFTS/FIGURES/FINAL/png/map_study_area_corridor.png,/Users/maxi_161/Desktop/UNI/Master/THESIS/Master-Thesis/THESIS_DRAFTS/FIGURES/FINAL/pdf/map_study_area_corridor.pdf,TRUE,TRUE
5.1,map_rp100_exposure_corridor,RP100 total-area exposure,/Users/maxi_161/Desktop/UNI/Master/THESIS/Master-Thesis/THESIS_DRAFTS/FIGURES/FINAL/png/map_rp100_exposure_corridor.png,/Users/maxi_161/Desktop/UNI/Master/THESIS/Master-Thesis/THESIS_DRAFTS/FIGURES/FINAL/pdf/map_rp100_exposure_corridor.pdf,TRUE,TRUE
5.2,map_vulnerability_index_corridor,Final vulnerability index,/Users/maxi_161/Desktop/UNI/Master/THESIS/Master-Thesis/THESIS_DRAFTS/FIGURES/FINAL/png/map_vulnerability_index_corridor.png,/Users/maxi_161/Desktop/UNI/Master/THESIS/Master-Thesis/THESIS_DRAFTS/FIGURES/FINAL/pdf/map_vulnerability_index_corridor.pdf,TRUE,TRUE
5.3,map_vulnerability_dimensions,Three vulnerability dimensions,/Users/maxi_161/Desktop/UNI/Master/THESIS/Master-Thesis/THESIS_DRAFTS/FIGURES/FINAL/png/map_vulnerability_dimensions.png,/Users/maxi_161/Desktop/UNI/Master/THESIS/Master-Thesis/THESIS_DRAFTS/FIGURES/FINAL/pdf/map_vulnerability_dimensions.pdf,TRUE,TRUE
5.4,plot_vulnerability_vs_rp100_exposure,Exposure-vulnerability scatterplot,/Users/maxi_161/Desktop/UNI/Master/THESIS/Master-Thesis/THESIS_DRAFTS/FIGURES/FINAL/png/plot_vulnerability_vs_rp100_exposure.png,/Users/maxi_161/Desktop/UNI/Master/THESIS/Master-Thesis/THESIS_DRAFTS/FIGURES/FINAL/pdf/plot_vulnerability_vs_rp100_exposure.pdf,TRUE,TRUE
5.5,plot_rp100_exposure_by_vulnerability_quintile,RP100 exposure by vulnerability quintile,/Users/maxi_161/Desktop/UNI/Master/THESIS/Master-Thesis/THESIS_DRAFTS/FIGURES/FINAL/png/plot_rp100_exposure_by_vulnerability_quintile.png,/Users/maxi_161/Desktop/UNI/Master/THESIS/Master-Thesis/THESIS_DRAFTS/FIGURES/FINAL/pdf/plot_rp100_exposure_by_vulnerability_quintile.pdf,TRUE,TRUE
5.6,map_exposure_vulnerability_bivariate,Bivariate RP100 exposure-vulnerability map,/Users/maxi_161/Desktop/UNI/Master/THESIS/Master-Thesis/THESIS_DRAFTS/FIGURES/FINAL/png/map_exposure_vulnerability_bivariate.png,/Users/maxi_161/Desktop/UNI/Master/THESIS/Master-Thesis/THESIS_DRAFTS/FIGURES/FINAL/pdf/map_exposure_vulnerability_bivariate.pdf,TRUE,TRUE
5.7,plot_rp100_flooded_landcover_composition,Flooded land-cover composition,/Users/maxi_161/Desktop/UNI/Master/THESIS/Master-Thesis/THESIS_DRAFTS/FIGURES/FINAL/png/plot_rp100_flooded_landcover_composition.png,/Users/maxi_161/Desktop/UNI/Master/THESIS/Master-Thesis/THESIS_DRAFTS/FIGURES/FINAL/pdf/plot_rp100_flooded_landcover_composition.pdf,TRUE,TRUE
5.8,map_rp100_artificial_land_flood_share,Artificial-land exposure map,/Users/maxi_161/Desktop/UNI/Master/THESIS/Master-Thesis/THESIS_DRAFTS/FIGURES/FINAL/png/map_rp100_artificial_land_flood_share.png,/Users/maxi_161/Desktop/UNI/Master/THESIS/Master-Thesis/THESIS_DRAFTS/FIGURES/FINAL/pdf/map_rp100_artificial_land_flood_share.pdf,TRUE,TRUE
5.9,plot_rp100_artificial_land_exposure_by_vulnerability_quintile,Artificial-land exposure by vulnerability quintile,/Users/maxi_161/Desktop/UNI/Master/THESIS/Master-Thesis/THESIS_DRAFTS/FIGURES/FINAL/png/plot_rp100_artificial_land_exposure_by_vulnerability_quintile.png,/Users/maxi_161/Desktop/UNI/Master/THESIS/Master-Thesis/THESIS_DRAFTS/FIGURES/FINAL/pdf/plot_rp100_artificial_land_exposure_by_vulnerability_quintile.pdf,TRUE,TRUE
5.10,map_exposure_curve_types,Exposure-curve types,/Users/maxi_161/Desktop/UNI/Master/THESIS/Master-Thesis/THESIS_DRAFTS/FIGURES/FINAL/png/map_exposure_curve_types.png,/Users/maxi_161/Desktop/UNI/Master/THESIS/Master-Thesis/THESIS_DRAFTS/FIGURES/FINAL/pdf/map_exposure_curve_types.pdf,TRUE,TRUE
5.11,plot_exposure_curves_by_vulnerability_quintile,Mean exposure curves by vulnerability quintile,/Users/maxi_161/Desktop/UNI/Master/THESIS/Master-Thesis/THESIS_DRAFTS/FIGURES/FINAL/png/plot_exposure_curves_by_vulnerability_quintile.png,/Users/maxi_161/Desktop/UNI/Master/THESIS/Master-Thesis/THESIS_DRAFTS/FIGURES/FINAL/pdf/plot_exposure_curves_by_vulnerability_quintile.pdf,TRUE,TRUE
5.12,map_corridor_protection_coverage,Provider portfolio coverage,/Users/maxi_161/Desktop/UNI/Master/THESIS/Master-Thesis/THESIS_DRAFTS/FIGURES/FINAL/png/map_corridor_protection_coverage.png,/Users/maxi_161/Desktop/UNI/Master/THESIS/Master-Thesis/THESIS_DRAFTS/FIGURES/FINAL/pdf/map_corridor_protection_coverage.pdf,TRUE,TRUE
5.13,map_corridor_protection_return_period,Finite protection return periods,/Users/maxi_161/Desktop/UNI/Master/THESIS/Master-Thesis/THESIS_DRAFTS/FIGURES/FINAL/png/map_corridor_protection_return_period.png,/Users/maxi_161/Desktop/UNI/Master/THESIS/Master-Thesis/THESIS_DRAFTS/FIGURES/FINAL/pdf/map_corridor_protection_return_period.pdf,TRUE,TRUE
5.14,map_modeled_annual_loss_probability,Modeled annual loss probability,/Users/maxi_161/Desktop/UNI/Master/THESIS/Master-Thesis/THESIS_DRAFTS/FIGURES/FINAL/png/map_modeled_annual_loss_probability.png,/Users/maxi_161/Desktop/UNI/Master/THESIS/Master-Thesis/THESIS_DRAFTS/FIGURES/FINAL/pdf/map_modeled_annual_loss_probability.pdf,TRUE,TRUE
5.15,plot_protection_status_by_vulnerability_quintile,Portfolio status by vulnerability quintile,/Users/maxi_161/Desktop/UNI/Master/THESIS/Master-Thesis/THESIS_DRAFTS/FIGURES/FINAL/png/plot_protection_status_by_vulnerability_quintile.png,/Users/maxi_161/Desktop/UNI/Master/THESIS/Master-Thesis/THESIS_DRAFTS/FIGURES/FINAL/pdf/plot_protection_status_by_vulnerability_quintile.pdf,TRUE,TRUE
5.16,plot_annual_loss_probability_by_vulnerability_quintile,Annual loss probability by vulnerability quintile,/Users/maxi_161/Desktop/UNI/Master/THESIS/Master-Thesis/THESIS_DRAFTS/FIGURES/FINAL/png/plot_annual_loss_probability_by_vulnerability_quintile.png,/Users/maxi_161/Desktop/UNI/Master/THESIS/Master-Thesis/THESIS_DRAFTS/FIGURES/FINAL/pdf/plot_annual_loss_probability_by_vulnerability_quintile.pdf,TRUE,TRUE
5.17,plot_protection_return_period_by_vulnerability_quintile,Finite protection return period by vulnerability quintile,/Users/maxi_161/Desktop/UNI/Master/THESIS/Master-Thesis/THESIS_DRAFTS/FIGURES/FINAL/png/plot_protection_return_period_by_vulnerability_quintile.png,/Users/maxi_161/Desktop/UNI/Master/THESIS/Master-Thesis/THESIS_DRAFTS/FIGURES/FINAL/pdf/plot_protection_return_period_by_vulnerability_quintile.pdf,TRUE,TRUE
support,map_no_loss_stream_context,No-event stream-context diagnostic,/Users/maxi_161/Desktop/UNI/Master/THESIS/Master-Thesis/THESIS_DRAFTS/FIGURES/FINAL/png/map_no_loss_stream_context.png,/Users/maxi_161/Desktop/UNI/Master/THESIS/Master-Thesis/THESIS_DRAFTS/FIGURES/FINAL/pdf/map_no_loss_stream_context.pdf,TRUE,TRUE
