AGS,mun_name,municipality_area_m2,flood_area_rp10_m2,flood_share_rp10,flood_area_rp20_m2,flood_share_rp20,flood_area_rp50_m2,flood_share_rp50,flood_area_rp100_m2,flood_share_rp100,flood_area_rp200_m2,flood_share_rp200,flood_area_rp500_m2,flood_share_rp500,share_bounds_ok_rp10,area_bounds_ok_rp10,share_bounds_ok_rp20,area_bounds_ok_rp20,share_bounds_ok_rp50,area_bounds_ok_rp50,share_bounds_ok_rp100,area_bounds_ok_rp100,share_bounds_ok_rp200,area_bounds_ok_rp200,share_bounds_ok_rp500,area_bounds_ok_rp500,delta_rp20_minus_rp10,mono_rp10_le_rp20,delta_rp50_minus_rp20,mono_rp20_le_rp50,delta_rp100_minus_rp50,mono_rp50_le_rp100,delta_rp200_minus_rp100,mono_rp100_le_rp200,delta_rp500_minus_rp200,mono_rp200_le_rp500,share_bounds_all_ok,area_bounds_all_ok,monotonicity_all_ok,suspicious_any
03359021,Guderhandviertel,9223870.486279769,9165759.086788744,0.9936998899130832,9165759.086788744,0.9936998899130832,9165759.086788744,0.9936998899130832,9181188.477311466,0.9953726573858782,9230902.57627008,1.0007623795239506,9230902.57627008,1.0007623795239506,TRUE,TRUE,TRUE,TRUE,TRUE,TRUE,TRUE,TRUE,FALSE,FALSE,FALSE,FALSE,0,TRUE,0,TRUE,0.0016727674727949893,TRUE,0.005389722138072428,TRUE,0,TRUE,FALSE,FALSE,TRUE,TRUE
03359033,Neuenkirchen,8152226.686350301,8141063.184835243,0.9986306193455404,8141063.184835243,0.9986306193455404,8141063.184835243,0.9986306193455404,8141063.184835243,0.9986306193455404,8158411.297893954,1.0007586407716076,8158411.297893954,1.0007586407716076,TRUE,TRUE,TRUE,TRUE,TRUE,TRUE,TRUE,TRUE,FALSE,FALSE,FALSE,FALSE,0,TRUE,0,TRUE,0,TRUE,0.0021280214260671615,TRUE,0,TRUE,FALSE,FALSE,TRUE,TRUE
01051090,Ramhusen,4807202.395817772,4763706.765968141,0.9909519869836412,4811046.553594205,1.00079966630483,4811046.553594205,1.00079966630483,4811046.553594205,1.00079966630483,4811046.553594205,1.00079966630483,4811046.553594205,1.00079966630483,TRUE,TRUE,FALSE,FALSE,FALSE,FALSE,FALSE,FALSE,FALSE,FALSE,FALSE,FALSE,0.009847679321188796,TRUE,0,TRUE,0,TRUE,0,TRUE,0,TRUE,FALSE,FALSE,TRUE,TRUE
01061106,Vaalermoor,6202368.1675856095,6175672.356069164,0.995695867966052,6175672.356069164,0.995695867966052,6175672.356069164,0.995695867966052,6205218.3647081945,1.0004595336886772,6205218.3647081945,1.0004595336886772,6205218.3647081945,1.0004595336886772,TRUE,TRUE,TRUE,TRUE,TRUE,TRUE,FALSE,FALSE,FALSE,FALSE,FALSE,FALSE,0,TRUE,0,TRUE,0.00476366572262521,TRUE,0,TRUE,0,TRUE,FALSE,FALSE,TRUE,TRUE
01061119,Neuendorf-Sachsenbande,19409666.285051152,19378057.54433568,0.9983714948906764,19378057.54433568,0.9983714948906764,19378057.54433568,0.9983714948906764,19424967.09932051,1.0007883089819605,19424967.09932051,1.0007883089819605,19424967.09932051,1.0007883089819605,TRUE,TRUE,TRUE,TRUE,TRUE,TRUE,FALSE,FALSE,FALSE,FALSE,FALSE,FALSE,0,TRUE,0,TRUE,0.0024168140912840252,TRUE,0,TRUE,0,TRUE,FALSE,FALSE,TRUE,TRUE
01061070,Moorhusen,4680819.072597697,4683792.115591446,1.000635154435076,4683792.115591446,1.000635154435076,4683792.115591446,1.000635154435076,4684052.372784418,1.0006907552153956,4684052.372784418,1.0006907552153956,4684052.372784418,1.0006907552153956,FALSE,FALSE,FALSE,FALSE,FALSE,FALSE,FALSE,FALSE,FALSE,FALSE,FALSE,FALSE,0,TRUE,0,TRUE,5.560078031963123e-5,TRUE,0,TRUE,0,TRUE,FALSE,FALSE,TRUE,TRUE
01061059,Krummendiek,1777580.5175996495,1748947.9566396852,0.9838923971789316,1748947.9566396852,0.9838923971789316,1748947.9566396852,0.9838923971789316,1778971.4234365602,1.000782471355384,1778971.4234365602,1.000782471355384,1778971.4234365602,1.000782471355384,TRUE,TRUE,TRUE,TRUE,TRUE,TRUE,FALSE,FALSE,FALSE,FALSE,FALSE,FALSE,0,TRUE,0,TRUE,0.016890074176452274,TRUE,0,TRUE,0,TRUE,FALSE,FALSE,TRUE,TRUE
01061062,Landrecht,3973769.81040807,3941650.680874274,0.9919172143666524,3941650.680874274,0.9919172143666524,3941650.680874274,0.9919172143666524,3976886.4546378073,1.0007843041691982,3976886.4546378073,1.0007843041691982,3976886.4546378073,1.0007843041691982,TRUE,TRUE,TRUE,TRUE,TRUE,TRUE,FALSE,FALSE,FALSE,FALSE,FALSE,FALSE,0,TRUE,0,TRUE,0.008867089802545802,TRUE,0,TRUE,0,TRUE,FALSE,FALSE,TRUE,TRUE
01061063,Landscheide,7471946.212688744,7457817.363625692,0.9981090804643296,7457817.363625692,0.9981090804643296,7457817.363625692,0.9981090804643296,7477872.465073463,1.0007931337051992,7477872.465073463,1.0007931337051992,7477872.465073463,1.0007931337051992,TRUE,TRUE,TRUE,TRUE,TRUE,TRUE,FALSE,FALSE,FALSE,FALSE,FALSE,FALSE,0,TRUE,0,TRUE,0.0026840532408696216,TRUE,0,TRUE,0,TRUE,FALSE,FALSE,TRUE,TRUE
13076114,Plau am See,116229917.80461577,15805824.434836367,0.1359875730223452,19152832.775119316,0.1647840172038624,23256623.248763148,0.20009154001001603,23577503.907379813,0.20285228065818608,23589255.08574087,0.20295338352897027,23579929.08618571,0.20287314601584705,TRUE,TRUE,TRUE,TRUE,TRUE,TRUE,TRUE,TRUE,TRUE,TRUE,TRUE,TRUE,0.028796444181517195,TRUE,0.035307522806153624,TRUE,0.002760740648170057,TRUE,1.0110287078418656e-4,TRUE,-8.023751312322136e-5,FALSE,TRUE,TRUE,FALSE,TRUE
16077005,Fockendorf,8819688.142882936,39605.12967234723,0.00449053629002819,74112.66721765004,0.00840309385286546,279999.33179087494,0.03174707849696714,289855.7296672885,0.03286462343922989,287617.4828836099,0.03261084498953666,289855.7296672885,0.03286462343922989,TRUE,TRUE,TRUE,TRUE,TRUE,TRUE,TRUE,TRUE,TRUE,TRUE,TRUE,TRUE,0.0039125575628372695,TRUE,0.02334398464410168,TRUE,0.001117544942262752,TRUE,-2.537784496932302e-4,FALSE,2.537784496932302e-4,TRUE,TRUE,TRUE,FALSE,TRUE
