AGS,municipality_name,protection_return_period,annual_loss_probability,n_nonzero_years
03154012,Jerxheim,58.8235294117647,0.017,85
03154027,Söllingen,56.81818181818182,0.0176,88
03354003,Damnatz,7.256894049346879,0.1378,689
03354004,Dannenberg (Elbe),5.714285714285714,0.175,875
03354005,Gartow,20.242914979757085,0.0494,247
03354007,Gorleben,11.061946902654867,0.0904,452
03354008,Gusborn,5.128205128205129,0.195,975
03354009,Hitzacker (Elbe),10.37344398340249,0.0964,482
03354010,Höhbeck,8.80281690140845,0.1136,568
03354011,Jameln,5.330490405117271,0.1876,938
03354014,Langendorf,12.72264631043257,0.0786,393
03354016,Luckau (Wendland),32.467532467532465,0.0308,154
03354018,Lüchow (Wendland),3.82262996941896,0.2616,1308
03354021,Schnackenburg,5.05050505050505,0.198,990
03354023,Trebel,208.33333333333337,0.0048,24
03354025,Woltersdorf,10.75268817204301,0.093,465
03354026,Wustrow (Wendland),4.62962962962963,0.216,1080
03355049,Amt Neuhaus,2.9585798816568047,0.338,1690
12051000,Brandenburg an der Havel,1666.6666666666667,6e-4,3
12062024,Bad Liebenwerda,80.64516129032258,0.0124,62
12062124,Elsterwerda,22.123893805309734,0.0452,226
12062128,Falkenberg/Elster,833.3333333333334,0.0012,6
12062196,Gröden,1666.6666666666667,6e-4,3
12062224,Herzberg (Elster),147.05882352941177,0.0068,34
12062232,Hirschfeld,2500,4e-4,2
12062240,Hohenleipisch,1250,8e-4,4
12062372,Plessa,34.96503496503497,0.0286,143
12062410,Röderland,31.446540880503143,0.0318,159
12062461,Schönewalde,2500,4e-4,2
12062464,Schraden,151.5151515151515,0.0066,33
12062500,Uebigau-Wahrenbrück,46.2962962962963,0.0216,108
12063094,Gollenberg,39.0625,0.0256,128
12063112,Großderschau,80.64516129032258,0.0124,62
12063134,Havelaue,178.57142857142858,0.0056,28
12063161,Kleßen-Görne,172.41379310344828,0.0058,29
12063244,Premnitz,5000,2e-4,1
12063252,Rathenow,333.3333333333333,0.003,15
12063260,Rhinow,52.63157894736842,0.019,95
12063274,Seeblick,208.33333333333337,0.0048,24
12066064,Frauendorf,125,0.008,40
12066176,Lauchhammer,40.32258064516129,0.0248,124
12066272,Ruhland,46.2962962962963,0.0216,108
12066292,Schwarzbach,64.1025641025641,0.0156,78
12066296,Schwarzheide,35.714285714285715,0.028,140
12066304,Senftenberg,74.6268656716418,0.0134,67
12066316,Tettau,156.25,0.0064,32
12068052,Breddin,1250,8e-4,4
12068109,Dreetz,31.64556962025317,0.0316,158
12068264,Kyritz,833.3333333333334,0.0012,6
12068324,Neustadt (Dosse),294.11764705882354,0.0034,17
12068477,Wusterhausen/Dosse,86.20689655172414,0.0116,58
12069537,Rosenau,1666.6666666666667,6e-4,3
12070008,Bad Wilsnack,20.080321285140563,0.0498,249
12070052,Breese,51.02040816326531,0.0196,98
12070060,Cumlosen,38.75968992248062,0.0258,129
12070236,Lanz,14.124293785310735,0.0708,354
12070241,Legde/Quitzöbel,178.57142857142858,0.0056,28
12070244,Lenzen (Elbe),2.918855808523059,0.3426,1713
12070246,Lenzerwische,2.581311306143521,0.3874,1937
12070348,Rühstädt,10.869565217391305,0.092,460
12070424,Wittenberge,35.2112676056338,0.0284,142
13076034,Dömitz,3.115264797507788,0.321,1605
13076049,Gorlosen,55.55555555555556,0.018,90
13076103,Neu Kaliß,20.49180327868853,0.0488,244
13076143,Vielank,8,0.125,625
14521035,Aue-Bad Schlema,1666.6666666666667,6e-4,3
14521270,Grünhainichen,5000,2e-4,1
14522080,Döbeln,52.63157894736842,0.019,95
14522140,Flöha,250,0.004,20
14522150,Frankenberg/Sa.,5000,2e-4,1
14522220,Großweitzschen,79.36507936507937,0.0126,63
14522250,Hartha,1666.6666666666667,6e-4,3
14522280,Königsfeld,294.11764705882354,0.0034,17
14522310,Leisnig,26.737967914438503,0.0374,187
14522350,Lunzenau,833.3333333333334,0.0012,6
14522460,Penig,60.97560975609756,0.0164,82
14522490,Rochlitz,13.227513227513228,0.0756,378
14522530,Seelitz,39.68253968253968,0.0252,126
14522580,Wechselburg,227.27272727272728,0.0044,22
14523100,Elsterberg,7.451564828614009,0.1342,671
14524050,Dennheritz,94.33962264150944,0.0106,53
14524080,Glauchau,106.38297872340424,0.0094,47
14524200,Mülsen,312.5,0.0032,16
14524260,Remse,20.32520325203252,0.0492,246
14524290,Waldenburg,16.129032258064516,0.062,310
14524320,Wilkau-Haßlau,5000,2e-4,1
14524330,Zwickau,52.63157894736842,0.019,95
14612000,Dresden,47.61904761904762,0.021,105
14625120,Elsterheide,294.11764705882354,0.0034,17
14625240,Hoyerswerda,2500,4e-4,2
14627040,Glaubitz,2500,4e-4,2
14627050,Gröditz,1250,8e-4,4
14627060,Großenhain,555.5555555555555,0.0018,9
14627070,Hirschstein,312.5,0.0032,16
14627140,Meißen,5000,2e-4,1
14627190,Nünchritz,833.3333333333334,0.0012,6
14627210,Radebeul,2500,4e-4,2
14627230,Riesa,208.33333333333337,0.0048,24
14627240,Röderaue,1250,8e-4,4
14627270,Strehla,238.0952380952381,0.0042,21
14627360,Zeithain,208.33333333333337,0.0048,24
14628030,Bad Schandau,500,0.002,10
14628160,Heidenau,104.16666666666669,0.0096,48
14628270,Pirna,192.30769230769232,0.0052,26
14713000,Leipzig,11.876484560570072,0.0842,421
14729030,Bennewitz,30.48780487804878,0.0328,164
14729040,Böhlen,47.61904761904762,0.021,105
14729050,Borna,23.923444976076556,0.0418,209
14729080,Colditz,19.607843137254903,0.051,255
14729100,Elstertrebnitz,384.61538461538464,0.0026,13
14729160,Grimma,19.53125,0.0512,256
14729170,Groitzsch,277.77777777777777,0.0036,18
14729250,Machern,200,0.005,25
14729260,Markkleeberg,6.954102920723226,0.1438,719
14729320,Neukieritzsch,56.17977528089887,0.0178,89
14729350,Pegau,500,0.002,10
14729360,Regis-Breitingen,17.857142857142858,0.056,280
14729370,Rötha,54.34782608695652,0.0184,92
14729380,Thallwitz,277.77777777777777,0.0036,18
14729400,Trebsen/Mulde,72.46376811594203,0.0138,69
14729410,Wurzen,51.02040816326531,0.0196,98
14729430,Zwenkau,1666.6666666666667,6e-4,3
14730020,Bad Düben,454.54545454545456,0.0022,11
14730080,Doberschütz,185.1851851851852,0.0054,27
14730110,Eilenburg,238.0952380952381,0.0042,21
14730140,Jesewitz,454.54545454545456,0.0022,11
14730160,Laußig,87.71929824561404,0.0114,57
14730180,Löbnitz,106.38297872340424,0.0094,47
14730270,Schkeuditz,1250,8e-4,4
14730360,Zschepplin,87.71929824561404,0.0114,57
15001000,Dessau-Roßlau,62.5,0.016,80
15002000,Halle (Saale),18.181818181818183,0.055,275
15081240,Kalbe (Milde),10.869565217391305,0.092,460
15082005,Aken (Elbe),5000,2e-4,1
15082015,Bitterfeld-Wolfen,2500,4e-4,2
15082241,Muldestausee,104.16666666666669,0.0096,48
15082301,Raguhn-Jeßnitz,45.45454545454545,0.022,110
15082430,Zerbst/Anhalt,161.29032258064515,0.0062,31
15083025,Am Großen Bruch,1.4363688595231254,0.6962,3481
15083030,Angern,40.32258064516129,0.0248,124
15083245,Gröningen,1.3164823591363877,0.7596,3798
15083320,Hötensleben,16.44736842105263,0.0608,304
15083361,Loitsche-Heinrichsberg,56.81818181818182,0.0176,88
15083415,Oschersleben (Bode),1.1944577161968466,0.8372,4186
15083440,Rogätz,76.92307692307692,0.013,65
15083565,Wolmirstedt,50.505050505050505,0.0198,99
15083580,Zielitz,166.66666666666666,0.006,30
15084025,Balgstädt,2500,4e-4,2
15084130,Elsteraue,94.33962264150944,0.0106,53
15084135,Freyburg (Unstrut),18.939393939393938,0.0528,264
15084207,Gutenborn,33.333333333333336,0.03,150
15084246,Kaiserpfalz,79.36507936507937,0.0126,63
15084250,Karsdorf,384.61538461538464,0.0026,13
15084275,Kretzschau,57.47126436781609,0.0174,87
15084285,Laucha an der Unstrut,17.421602787456447,0.0574,287
15084355,Naumburg (Saale),454.54545454545456,0.0022,11
15084360,Nebra (Unstrut),333.3333333333333,0.003,15
15084550,Weißenfels,2500,4e-4,2
15084565,Wetterzeube,87.71929824561404,0.0114,57
15084590,Zeitz,16.501650165016503,0.0606,303
15085090,Ditfurt,37.59398496240601,0.0266,133
15085135,Halberstadt,3.37154416722859,0.2966,1483
15085160,Hedersleben,49.01960784313726,0.0204,102
15085185,Huy,6.934812760055478,0.1442,721
15085235,Quedlinburg,200,0.005,25
15085285,Schwanebeck,1.851851851851852,0.54,2700
15085287,Selke-Aue,43.85964912280702,0.0228,114
15085365,Wegeleben,2.3277467411545625,0.4296,2148
15086005,Biederitz,6.165228113440198,0.1622,811
15086015,Burg,14.245014245014245,0.0702,351
15086035,Elbe-Parey,5000,2e-4,1
15086055,Gommern,147.05882352941177,0.0068,34
15086080,Jerichow,8.143322475570033,0.1228,614
15086145,Möser,6.793478260869565,0.1472,736
15087015,Allstedt,10.940919037199125,0.0914,457
15087055,Berga,21.73913043478261,0.046,230
15087101,Brücken-Hackpfüffel,32.25806451612903,0.031,155
15087125,Edersleben,34.24657534246575,0.0292,146
15087165,Gerbstedt,625,0.0016,8
15087250,Kelbra (Kyffhäuser),24.271844660194176,0.0412,206
15087370,Sangerhausen,30.120481927710845,0.0332,166
15087412,Südharz,19.23076923076923,0.052,260
15087440,Wallhausen,31.84713375796178,0.0314,157
15088020,Bad Dürrenberg,200,0.005,25
15088205,Leuna,833.3333333333334,0.0012,6
15088216,Wettin-Löbejün,2500,4e-4,2
15088220,Merseburg,22.624434389140273,0.0442,221
15088295,Petersberg,1666.6666666666667,6e-4,3
15088319,Salzatal,263.1578947368421,0.0038,19
15088330,Schkopau,58.8235294117647,0.017,85
15088365,Teutschenthal,1250,8e-4,4
15089005,Alsleben (Saale),18.65671641791045,0.0536,268
15089026,Barby,64.93506493506493,0.0154,77
15089030,Bernburg (Saale),4.0290088638195005,0.2482,1241
15089041,Bördeaue,1.1566042100393246,0.8646,4323
15089043,Börde-Hakel,1.154201292705448,0.8664,4332
15089055,Calbe (Saale),833.3333333333334,0.0012,6
15089075,Egeln,1.1312217194570136,0.884,4420
15089165,Güsten,32.05128205128205,0.0312,156
15089175,Hecklingen,1.3989927252378287,0.7148,3574
15089195,Könnern,18.181818181818183,0.055,275
15089235,Nienburg (Saale),1.1584800741427248,0.8632,4316
15089245,Plötzkau,72.46376811594203,0.0138,69
15089305,Schönebeck (Elbe),87.71929824561404,0.0114,57
15089310,Staßfurt,1.2966804979253113,0.7712,3856
15089365,Wolmirsleben,1.127141568981064,0.8872,4436
15090003,Aland,6.016847172081829,0.1662,831
15090007,Altmärkische Höhe,131.57894736842104,0.0076,38
15090008,Altmärkische Wische,16.233766233766232,0.0616,308
15090070,Bismark (Altmark),11.135857461024498,0.0898,449
15090225,Havelberg,250,0.004,20
15090245,Hohenberg-Krusemark,5000,2e-4,1
15090270,Iden,116.27906976744184,0.0086,43
15090285,Kamern,2500,4e-4,2
15090310,Klietz,45.87155963302752,0.0218,109
15090415,Osterburg (Altmark),10.989010989010987,0.091,455
15090485,Schollene,500,0.002,10
15090500,Schönhausen (Elbe),6.915629322268327,0.1446,723
15090520,Seehausen (Altmark),8.532423208191126,0.1172,586
15090535,Stendal,500,0.002,10
15090546,Tangerhütte,9.84251968503937,0.1016,508
15090550,Tangermünde,10.20408163265306,0.098,490
15090610,Werben (Elbe),125,0.008,40
15090631,Wust-Fischbeck,5.219206680584551,0.1916,958
15090635,Zehrental,166.66666666666666,0.006,30
15091010,Annaburg,147.05882352941177,0.0068,34
15091060,Coswig (Anhalt),128.2051282051282,0.0078,39
15091145,Jessen (Elster),71.42857142857143,0.014,70
15091241,Oranienbaum-Wörlitz,84.7457627118644,0.0118,59
15091375,Wittenberg,106.38297872340424,0.0094,47
15091391,Zahna-Elster,2500,4e-4,2
16051000,Erfurt,17.421602787456447,0.0574,287
16052000,Gera,29.761904761904763,0.0336,168
16053000,Jena,40.65040650406504,0.0246,123
16055000,Weimar,5000,2e-4,1
16062008,Görsbach,8.561643835616438,0.1168,584
16062064,Heringen/Helme,9.157509157509155,0.1092,546
16064003,Bad Langensalza,5000,2e-4,1
16064019,Großvargula,500,0.002,10
16065003,Bad Frankenhausen/Kyffhäuser,5.524861878453039,0.181,905
16065016,Etzleben,8.403361344537815,0.119,595
16065019,Gehofen,26.041666666666668,0.0384,192
16065042,Kalbsrieth,13.227513227513228,0.0756,378
16065046,Mönchpfiffel-Nikolausrieth,15.873015873015872,0.063,315
16065056,Reinsdorf,22.52252252252252,0.0444,222
16065086,Artern,8.503401360544217,0.1176,588
16065087,Roßleben-Wiehe,37.59398496240601,0.0266,133
16065088,An der Schmücke,4.739336492890995,0.211,1055
16068002,Andisleben,22.123893805309734,0.0452,226
16068005,Büchel,13.404825737265416,0.0746,373
16068009,Elxleben,22.123893805309734,0.0452,226
16068014,Gebesee,31.25,0.032,160
16068015,Griefstedt,454.54545454545456,0.0022,11
16068044,Riethnordhausen,49.01960784313726,0.0204,102
16068045,Ringleben,22.727272727272727,0.044,220
16068049,Schwerstedt,5000,2e-4,1
16068051,Sömmerda,13.440860215053764,0.0744,372
16068053,Straußfurt,27.47252747252747,0.0364,182
16068057,Walschleben,20.5761316872428,0.0486,243
16068058,Weißensee,22.727272727272727,0.044,220
16068059,Werningshausen,27.027027027027028,0.037,185
16068062,Wundersleben,24.50980392156863,0.0408,204
16068064,Kindelbrück,5.980861244019139,0.1672,836
16071001,Apolda,454.54545454545456,0.0022,11
16071004,Bad Sulza,36.76470588235294,0.0272,136
16071022,Großheringen,108.69565217391305,0.0092,46
16071056,Mellingen,5000,2e-4,1
16071101,Ilmtal-Weinstraße,50.505050505050505,0.0198,99
16073076,Rudolstadt,135.13513513513513,0.0074,37
16073109,Uhlstädt-Kirchhasel,5000,2e-4,1
16074011,Dornburg-Camburg,21.1864406779661,0.0472,236
16074012,Crossen an der Elster,714.2857142857143,0.0014,7
16074026,Golmsdorf,1666.6666666666667,6e-4,3
16074063,Neuengönna,833.3333333333334,0.0012,6
16074092,Silbitz,416.6666666666667,0.0024,12
16074112,Wichmar,2500,4e-4,2
16076003,Bad Köstritz,138.88888888888889,0.0072,36
16076012,Caaschwitz,208.33333333333337,0.0048,24
16076022,Greiz,7.763975155279503,0.1288,644
16077048,Treben,13.020833333333334,0.0768,384
