AGS,mun_name,municipality_area_m2,landcover_total_area_m2,landcover_area_ratio_to_municipality,artificial_total_area_m2,has_artificial_land
13076075,Kreien,25030179.93319736,25030176.44161311,0.999999860505028,303671.1275477667,TRUE
13076079,Kuhstorf,15095458.439159146,15095456.870837834,0.9999998961064138,426077.7228033956,TRUE
14521150,Drebach,32969170.068404295,32969167.496984366,0.9999999220053182,2003711.2581632098,TRUE
15083245,"Gröningen, Stadt",59740558.31405812,59740553.01398032,0.9999999112817498,2425055.6470173416,TRUE
14628330,Reinhardtsdorf-Schöna,31705942.714922413,31705939.6986282,0.9999999048665973,767625.4430961137,TRUE
13076067,Karenz,6849905.868239488,6849905.715304287,0.9999999776733864,145676.05608708962,TRUE
16076093,Mohlsdorf-Teichwolframsdorf,51123623.55585133,51123621.35229083,0.9999999568974116,2058474.54086619,TRUE
16076094,Berga-Wünschendorf,62960697.0203359,62960693.31006557,0.9999999410700563,3565001.4678130634,TRUE
13076069,Karstädt,19720158.522239417,19720157.182088934,0.9999999320415969,371470.99530613597,TRUE
15084130,Elsteraue,80447255.68973264,80447250.43114474,0.9999999346330978,7806030.688041736,TRUE
14628320,Rathmannsdorf,4185752.195803851,4185751.7664188244,0.9999998974174756,403352.5146368326,TRUE
14522020,"Augustusburg, Stadt",23324653.61563441,23324652.367788147,0.9999999465009733,1310118.7357554955,TRUE
15002000,"Halle (Saale), Stadt",135824964.26597008,135824953.1636223,0.999999918259888,51591001.0020125,TRUE
15083270,"Haldensleben, Stadt",156431520.31214672,156431500.55436742,0.9999998736969425,11691290.731608778,TRUE
12061260,"Königs Wusterhausen, Stadt",95823966.69664505,95823954.9954651,0.999999877888796,15631087.868758433,TRUE
15084150,Gleina,29875109.423009828,29875110.761932712,1.0000000448173383,801617.9186722847,TRUE
12072312,Nuthe-Urstromtal,341192433.78414,341192399.84075147,0.9999999005154125,12085929.731841305,TRUE
15084135,"Freyburg (Unstrut), Stadt",46837141.22753964,46837138.04248314,0.9999999319972053,2604947.9887794503,TRUE
12062124,"Elsterwerda, Stadt",40376165.00680845,40376161.81740379,0.9999999210077366,5620897.91452926,TRUE
12062128,"Falkenberg/Elster, Stadt",81963253.69837146,81963246.61680456,0.9999999136007103,4462457.468675143,TRUE
12067397,Ragow-Merz,38032358.61743702,38032357.6550307,0.9999999746950661,371813.4652060297,TRUE
12066064,Frauendorf,20809430.093916778,20809427.894733246,0.9999998943179356,478987.4910855184,TRUE
12061265,Krausnick-Groß Wasserburg,54671599.66240399,54671597.41296614,0.9999999588554593,1248857.2649560443,TRUE
15084170,Goseck,14465217.502377346,14465215.64163728,0.9999998713645291,531923.2649679903,TRUE
01058119,Oldenbüttel,4571073.039308612,4571072.653310229,0.9999999155562863,157070.76708137788,TRUE
14522420,Niederwiesa,16579992.672688615,16579991.307130948,0.9999999176382225,1540072.9292955478,TRUE
16075134,Remptendorf,97380292.82756546,97380285.48715207,0.9999999246211613,1968009.3822681254,TRUE
16075135,"Saalburg-Ebersdorf, Stadt",71989502.31522453,71989496.90031004,0.9999999247818875,3124523.695600403,TRUE
16075136,Rosenthal am Rennsteig,51856705.8725284,51856702.03313628,0.9999999259615115,2091535.903577921,TRUE
01058124,Osterrönfeld,17919744.749897826,17919743.392328206,0.9999999242416876,2335050.3782430515,TRUE
16075125,Wilhelmsdorf,9420839.207122868,9420838.842991816,0.9999999613483423,165735.38730411348,TRUE
16075127,"Ziegenrück, Stadt",8249560.409786124,8249559.909825369,0.9999999393954672,281886.00545908575,TRUE
16076003,"Bad Köstritz, Stadt",20153208.322012063,20153206.8233382,0.9999999256359663,1802398.3361573992,TRUE
14522440,"Oederan, Stadt",77579600.43018354,77579594.15610822,0.9999999191272538,2816362.856554626,TRUE
12073572,"Templin, Stadt",378905948.0809287,378905936.8609548,0.999999970388499,11946703.244936477,TRUE
01058140,Schacht-Audorf,6283014.522038246,6283014.244935623,0.9999999558965491,1738990.1312911743,TRUE
01058148,Schülp b. Rendsburg,8028885.458245777,8028884.5721332505,0.9999998896344292,456124.84607274196,TRUE
03360002,"Bad Bevensen, Stadt",48165364.50427336,48165360.72080713,0.9999999214484044,3785478.8516011564,TRUE
03360004,Bienenbüttel,99544191.18334588,99544184.3932813,0.9999999317884398,2885428.1897994485,TRUE
03360008,Emmendorf,11006393.409583993,11006392.952426752,0.999999958464392,483965.91979192424,TRUE
12062500,"Uebigau-Wahrenbrück, Stadt",135709259.22440073,135709249.50697204,0.9999999283952419,4481944.6863577,TRUE
01058132,Rade b. Rendsburg,6542077.157998715,6542076.796782333,0.999999944785674,216801.1826437841,TRUE
01058135,"Rendsburg, Stadt",9258032.509931145,9258031.950538846,0.9999999395776263,3597737.442682294,TRUE
03359001,Agathenburg,11108542.480012393,11108541.657234324,0.9999999259328513,857663.1823429263,TRUE
03359004,Balje,58492807.81124808,58492802.28122527,0.9999999054580723,903529.9424890188,TRUE
03359007,Bliedersdorf,12411086.183053093,12411085.036182012,0.9999999075930129,667667.6004875095,TRUE
03359009,Burweg,16267940.84281799,16267939.551663872,0.9999999206319884,619293.1773657119,TRUE
03360025,"Uelzen, Hansestadt",136933147.83210912,136933136.76625198,0.9999999191878861,14063221.52318127,TRUE
15091241,"Oranienbaum-Wörlitz, Stadt",115835834.00469567,115835827.70334396,0.9999999456010157,5489320.495915246,TRUE
02000000,"Hamburg, Freie und Hansestadt",742617853.28082335,742617800.9938235,0.9999999295909738,253998036.76941818,TRUE
15089365,Wolmirsleben,16870779.18213933,16870778.37065518,0.9999999519000194,911760.2417287836,TRUE
01058158,Tackesdorf,7266262.169202912,7266261.446364112,0.9999999005212332,33366.884508032614,TRUE
03360012,Jelmstorf,13962852.30302496,13962851.231361674,0.9999999232489707,349098.5154432137,TRUE
12065144,"Hohen Neuendorf, Stadt",48952827.21955197,48952815.562454976,0.999999761870812,9204687.28103361,TRUE
13071110,"Neustrelitz, Residenzstadt",131200564.88093625,131200548.04352108,0.9999998716665954,8145967.080222536,TRUE
15084565,Wetterzeube,41921179.11773494,41921175.910209835,0.9999999234867633,899531.4531180765,TRUE
13071119,Priepert,22177387.184844747,22177385.380039424,0.9999999186195692,264405.1486733065,TRUE
03359020,Grünendeich,2590811.678527903,2590811.40416898,0.999999894103101,804631.1006705834,TRUE
03359021,Guderhandviertel,9230903.761117129,9230903.244909476,0.9999999440783194,727248.5234664633,TRUE
03359022,Hammah,29393174.06893374,29393171.674807373,0.9999999185482193,1343925.5639309045,TRUE
03359023,"Harsefeld, Flecken",52050767.1431126,52050763.78420945,0.99999993546871,4603649.603052275,TRUE
03359025,Himmelpforten,18230152.943041302,18230150.8464732,0.9999998849944863,1752783.526618389,TRUE
03359026,Hollern-Twielenfleth,17721634.14104016,17721632.82463912,0.9999999257178525,1584992.8214956776,TRUE
03359027,"Horneburg, Flecken",16915077.024788674,16915075.72624598,0.9999999232316418,1922468.2976671995,TRUE
03359028,Jork,53187289.75906349,53187285.49967414,0.9999999199171575,5167048.698823381,TRUE
03359029,Kranenburg,14252921.917821907,14252920.847613329,0.99999992491304,381962.70030611806,TRUE
12069590,Schwielowsee,58251152.43320541,58251141.169823326,0.9999998066410429,5263179.26680345,TRUE
15084550,"Weißenfels, Stadt",113702064.57760824,113702056.58151938,0.9999999296750777,16596378.100896113,TRUE
12065136,"Hennigsdorf, Stadt",30693942.67581424,30693934.940742876,0.9999997479935554,7098001.305330664,TRUE
14729250,Machern,39038792.36467315,39038791.623985894,0.9999999810268911,2994149.859591835,TRUE
15088020,"Bad Dürrenberg, Solestadt",36444264.40457499,36444251.07777106,0.9999996343236954,4729605.466827267,TRUE
03359010,"Buxtehude, Hansestadt",76319668.99626867,76319662.69066805,0.9999999173790883,10071153.371805772,TRUE
03359012,Dollern,11996122.546763085,11996121.783448571,0.999999936369897,910492.8007520494,TRUE
03359013,Drochtersen,106998212.64449501,106998204.81495574,0.9999999268255135,5072280.533526473,TRUE
03359015,Engelschoff,19644677.689214565,19644676.093524702,0.999999918772408,324456.7703300105,TRUE
03359016,Estorf,29475453.895685203,29475451.64030412,0.999999923482736,647114.8310080601,TRUE
12068264,"Kyritz, Stadt",157501614.3102262,157501602.88304272,0.9999999274471978,4839319.0107315015,TRUE
03359018,"Freiburg (Elbe), Flecken",26113073.06536835,26113071.655825667,0.9999999460215702,910759.5413179822,TRUE
03359019,Großenwörden,12350347.572480025,12350346.581418741,0.9999999197543812,242885.09148887344,TRUE
13071137,Sietow,18836547.674979374,18836544.12661808,0.9999998116235865,339707.5377730786,TRUE
13071138,Silz,10672141.417973015,10672140.68434891,0.9999999312580224,306166.37855331885,TRUE
03352051,Steinau,36057465.85163946,36057463.22316161,0.9999999271030898,513921.5499441047,TRUE
03359040,Wischhafen,27646661.21535302,27646659.15994719,0.9999999256544646,1516398.128514658,TRUE
03352052,Stinstedt,30462176.376677927,30462173.99334714,0.9999999217609813,410955.0764251456,TRUE
03352055,Wanna,54096507.87568218,54096504.1592886,0.9999999313006749,1241519.1643973961,TRUE
03352056,Wingst,55652986.548234716,55652982.16613932,0.9999999212603731,1333751.0437085852,TRUE
03352038,Neuenkirchen,19417590.479018368,19417589.07667148,0.9999999277795621,608196.5451977543,TRUE
03352039,"Neuhaus (Oste), Flecken",9850242.16216641,9850241.165733632,0.9999998988417989,599423.7132591485,TRUE
14730270,"Schkeuditz, Stadt",80288517.89139657,80288510.78402351,0.9999999114770923,12390874.530357711,TRUE
03352041,Nordleda,21332475.6639355,21332474.26149068,0.999999934257756,588059.5819511596,TRUE
03359030,Krummendeich,30119374.190375984,30119372.561408125,0.999999945916278,356939.92971415585,TRUE
03352042,Oberndorf,32490031.472253926,32490029.026670713,0.9999999247281981,708795.3495960344,TRUE
03352043,Odisheim,13593532.946004571,13593532.016523149,0.9999999316232634,374103.04246412666,TRUE
03359032,Mittelnkirchen,6946955.462477503,6946954.863314226,0.9999999137516743,558045.1060248549,TRUE
03352044,Osten,47887886.32496057,47887882.95143742,0.9999999295537263,842306.1020959062,TRUE
03359033,Neuenkirchen,8158411.745097326,8158410.907408135,0.9999998973220258,577224.1931153187,TRUE
03352045,Osterbruch,10529560.677544713,10529559.711468171,0.9999999082510115,355607.57225262973,TRUE
03359034,Nottensdorf,6989547.716333651,6989547.332395925,0.9999999450697324,605858.5681804247,TRUE
03352046,"Otterndorf, Stadt",33983459.43569366,33983456.98881631,0.9999999279979912,3659004.8746756767,TRUE
01051024,Eddelak,9430113.660749562,9430112.967360076,0.999999926470718,720173.9165000874,TRUE
03359035,Oederquart,37754544.68789787,37754541.726092875,0.999999921551034,797489.9334613855,TRUE
12065180,Leegebruch,6189141.870169288,6189141.222682013,0.9999998953833523,1939008.4883236764,TRUE
03359038,"Stade, Hansestadt",100089867.20171496,100089859.89234714,0.9999999269719501,18031029.415251076,TRUE
03359039,Steinkirchen,8598347.444381874,8598347.167679135,0.9999999678190791,817419.4904368249,TRUE
14729260,"Markkleeberg, Stadt",31276507.83787981,31276505.002017833,0.9999999093293283,7735015.039020774,TRUE
13071156,"Waren (Müritz), Stadt",149441319.74306363,149441328.82255757,1.0000000607562485,7745261.6637641685,TRUE
13071159,"Wesenberg, Stadt",90027834.1136368,90027826.52275842,0.9999999156829834,2202339.839565239,TRUE
01051034,Friedrichskoog,40956108.532680385,40956105.56437151,0.999999927524636,1889808.5052735042,TRUE
01051016,Burg (Dithmarschen),11383828.076215843,11383827.10973028,0.9999999151001265,1402777.9212563941,TRUE
03352061,Wurster Nordseeküste,22519128.833090708,22519127.03915494,0.9999999203372483,1433060.7612430563,TRUE
03352062,"Geestland, Stadt",173612654.49402496,173612641.06370068,0.9999999226420199,5404271.13085231,TRUE
03352063,Cadenberge,30870525.978667486,30870524.021951325,0.9999999366153929,1842784.943437313,TRUE
01051021,Diekhusen-Fahrstedt,7534255.303305844,7534254.650411501,0.9999999133432148,437280.56898549286,TRUE
01051022,Dingen,6804427.198824078,6804426.654560278,0.999999920013282,348299.58297741576,TRUE
01051046,Helse,11579597.503951008,11579596.600679934,0.9999999219946053,488342.9532612266,TRUE
13071176,Südmüritz,69474792.46354647,69474771.2257597,0.9999996943094608,671808.1150893802,TRUE
01051051,Hochdonn,5466085.790561039,5466085.300790663,0.9999999103983371,603979.8642686001,TRUE
15082301,"Raguhn-Jeßnitz, Stadt",97503375.77500153,97503372.79913938,0.9999999694793937,5442849.6059108,TRUE
12065193,"Liebenwalde, Stadt",138839571.0240909,138839566.78465274,0.9999999694652028,2969987.643022663,TRUE
12065198,Löwenberger Land,245182486.1713247,245182464.42322618,0.9999999112983197,6271010.405980285,TRUE
14626060,Boxberg/O.L. / Hamor,213357255.29762965,213357239.10359156,0.9999999240989575,29276559.088732652,TRUE
12070052,Breese,23851756.303758033,23851754.081970427,0.9999999068501465,750414.7180343352,TRUE
15087101,Brücken-Hackpfüffel,16748051.981546238,16748051.004714366,0.9999999416748961,480012.09907874995,TRUE
01051072,"Marne, Stadt",4809651.634468842,4809651.184020679,0.9999999063449503,2287783.048120073,TRUE
01051073,Marnerdeich,1294302.9311523372,1294302.9090624875,0.9999999829330143,157940.5614588498,TRUE
01051076,Neufeld,10481785.314811675,10481784.704334797,0.9999999417583113,398543.164311631,TRUE
16068005,Büchel,6465064.2897306755,6465066.448826948,1.0000003339636199,137430.616601916,TRUE
01051077,Neufelderkoog,9766139.134465128,9766138.469223144,0.999999931882807,202786.892703787,TRUE
01051057,Kaiser-Wilhelm-Koog,13229187.700911168,13229186.659000743,0.9999999212415419,333076.30730019807,TRUE
16068009,Elxleben,12186547.95859878,12186547.037836123,0.9999999244443415,1715979.3686374477,TRUE
12062024,"Bad Liebenwerda, Stadt",139016262.1988965,139016242.14733192,0.9999998557610149,7011964.014855766,TRUE
12069537,Rosenau,49705921.922633074,49705916.83636287,0.9999998976727519,925324.6325555504,TRUE
03355042,Wittorf,12091506.482025221,12091506.118262555,0.9999999699158524,827613.0529111078,TRUE
01051062,Kronprinzenkoog,14989544.4613645,14989543.10032037,0.9999999092004341,376589.42327340745,TRUE
16068014,"Gebesee, Stadt",23937622.069045044,23937620.722812116,0.999999943760791,1053200.56771715,TRUE
01051064,Kuden,11403561.27569756,11403560.50405751,0.9999999323334149,353746.32752961,TRUE
03355049,Amt Neuhaus,237952226.9163942,237952211.4897331,0.9999999351690829,4096115.7616646425,TRUE
14524150,Langenweißbach,22713642.607631214,22713640.98016589,0.9999999283485547,842731.5430805393,TRUE
14628270,"Pirna, Stadt",53310434.51993452,53310429.48593429,0.9999999055719527,12543504.700416524,TRUE
12069541,Roskow,39258187.474526584,39258182.736555934,0.9999998793125472,951848.3583030207,TRUE
15087125,Edersleben,9136558.164322346,9136557.027628813,0.9999998755884313,685450.6742661148,TRUE
12070060,Cumlosen,22136805.302360814,22136803.336390078,0.9999999111899522,750636.5419229536,TRUE
01051090,Ramhusen,4811046.791946799,4811046.32645941,0.9999999032461314,154386.95728371583,TRUE
03355032,Rullstorf,22717640.629144426,22717638.627958186,0.999999911910472,755737.6922419823,TRUE
03355033,Scharnebeck,27052807.92885271,27052806.794169236,0.9999999580567208,1649655.8181027991,TRUE
16068002,Andisleben,6732502.916401412,6732502.361593072,0.9999999175925586,374426.39599490364,TRUE
14524180,"Limbach-Oberfrohna, Stadt",50048237.61829634,50048234.65733702,0.9999999408378903,6894446.391528372,TRUE
01051097,Sankt Michaelisdonn,16233178.391032968,16233177.093589872,0.9999999200746111,1586756.460818883,TRUE
12071372,"Spremberg/Grodk, Stadt",202363574.31507266,202363557.47712415,0.9999999167935802,23785582.05527487,TRUE
15090310,Klietz,66344740.753763616,66344732.61015599,0.9999998772531548,2511600.2111641825,TRUE
12072232,"Luckenwalde, Stadt",46592886.66626696,46592884.13076092,0.9999999455816924,9733414.859864749,TRUE
16068015,Griefstedt,5039260.894747333,5039257.668089093,0.9999993596961325,128650.12819033333,TRUE
15089305,"Schönebeck (Elbe), Stadt",86644505.20493677,86644499.58007953,0.9999999350812007,13360871.896128844,TRUE
12072240,"Ludwigsfelde, Stadt",110231180.86987475,110231169.5801236,0.9999998975811467,12524623.368166128,TRUE
15087165,"Gerbstedt, Stadt",102352804.82213216,102352799.10284945,0.9999999441218762,4594530.923608465,TRUE
12065100,"Gransee, Stadt",121629159.64554872,121629148.63378052,0.9999999094644062,3808673.5447173137,TRUE
15089310,"Staßfurt, Stadt",147454410.184124,147454397.6913128,0.9999999152767883,15939148.096320804,TRUE
16068049,Schwerstedt,12701257.201026253,12701256.34865738,0.999999932890984,289608.5078317362,TRUE
14625120,Elsterheide / Halštrowska Hola,127355364.40012899,127355354.82795513,0.999999924838864,15220386.804805422,TRUE
16068051,"Sömmerda, Stadt",87938799.36311261,87938790.74234731,0.9999999019685809,8185740.423999732,TRUE
01002000,"Kiel, Landeshauptstadt",41170207.201568946,41170204.07573697,0.9999999240753887,12603920.61691315,TRUE
16068053,Straußfurt,21965099.792413514,21965097.05175782,0.9999998752268043,1418745.1022532615,TRUE
16068057,Walschleben,16867652.67604501,16867651.78524077,0.9999999471886065,896118.3803789512,TRUE
16068058,"Weißensee, Stadt",55418400.665980585,55418396.89676163,0.9999999319861471,2143353.025438082,TRUE
12061192,Groß Köris,68969441.09721689,68969413.58450319,0.9999996010883477,2941860.9781342763,TRUE
03352004,Belum,25562975.4772714,25562973.656779908,0.9999999287840535,605586.6778211233,TRUE
03352008,Bülkau,22999154.749539085,22999153.044130415,0.9999999258490719,707668.071675323,TRUE
12051000,"Brandenburg an der Havel, Stadt",229536684.8226917,229536666.1480639,0.9999999186420775,29555045.823452294,TRUE
16068044,Riethnordhausen,12511209.372501971,12511208.898324154,0.9999999620997617,530900.7603122297,TRUE
16068045,Ringleben,6614911.140140915,6614910.370417735,0.9999998836381677,271652.5503513056,TRUE
03352011,"Cuxhaven, Stadt",139606385.24283934,139606374.55083725,0.9999999234132302,20222472.02556162,TRUE
14522330,Lichtenau,49095432.99020548,49095430.10885677,0.9999999413112679,3803611.444817427,TRUE
16075062,"Bad Lobenstein, Stadt",49168874.76354723,49168870.94761858,0.9999999223913774,2365344.639181382,TRUE
16068059,Werningshausen,12703068.068347767,12703067.08483338,0.9999999225766262,279309.40124868386,TRUE
03352002,Armstorf,39653085.4398485,39653082.65418503,0.9999999297491371,634997.373923626,TRUE
16075046,"Hirschberg, Stadt",24258859.53158037,24258857.783147566,0.9999999279260098,1268627.5839127766,TRUE
03352029,Lamstedt,52790850.12726917,52790845.92087037,0.999999920319548,2009691.3325608505,TRUE
14522360,"Mittweida, Stadt, Hochschulstadt",41082795.96297368,41082793.32075635,0.9999999356855526,4797295.812520201,TRUE
16068062,Wundersleben,6945333.317018308,6945333.744378396,1.0000000615319768,306622.10660270863,TRUE
16068064,Kindelbrück,64515744.684145674,64515743.30034942,0.9999999785510303,2050696.9035135063,TRUE
16071101,Ilmtal-Weinstraße,84678060.70379254,84678053.99398135,0.999999920760925,3289122.3479757532,TRUE
16075079,Paska,6513000.710137554,6512999.980112936,0.9999998879127071,96807.84555995312,TRUE
03352036,Mittelstenahe,33816310.50410804,33816307.99615198,0.999999925835905,627426.4333445344,TRUE
14625160,Großdubrau / Wulka Dubrawa,54231965.68582398,54231961.50232927,0.9999999228592462,2844589.971065753,TRUE
14522350,"Lunzenau, Stadt",28095716.854835518,28095714.84242555,0.9999999283730692,1616138.6294101584,TRUE
15091145,"Jessen (Elster), Stadt",353999982.8112829,353999955.5839191,0.9999999230865393,13998691.666037107,TRUE
03352020,Hechthausen,30725223.58475256,30725221.504468776,0.9999999322939416,1421361.0129745943,TRUE
03352022,"Hemmoor, Stadt",45172134.43141381,45172131.06969876,0.9999999255798937,3729307.8944910765,TRUE
03352024,Hollnseth,20917479.79926818,20917478.17776845,0.9999999224811141,604653.3573931681,TRUE
01051003,Averlak,9022409.02673614,9022408.482336925,0.9999999396614349,348045.42607470875,TRUE
03352025,Ihlienworth,40295406.99028379,40295403.44062843,0.9999999119091822,891255.9443228068,TRUE
15001000,"Dessau-Roßlau, Stadt",246249161.47121504,246249141.41553307,0.9999999185553289,29972404.81732357,TRUE
14627310,Weinböhla,19096576.775836557,19096575.166241214,0.999999915712886,4821753.165878609,TRUE
14521495,"Pockau-Lengefeld, Stadt",83390314.41918805,83390308.34444578,0.9999999271529036,2803395.903815253,TRUE
12062410,Röderland,46812746.13874429,46812747.16207533,1.0000000218600944,3323570.734397103,TRUE
01051010,Brickeln,6020824.33266283,6020823.843274163,0.9999999187173317,141871.45412751863,TRUE
01051011,"Brunsbüttel, Stadt",49858782.29993694,49858778.56351358,0.9999999250598752,8027947.668021666,TRUE
01051012,Buchholz,14568132.652381137,14568131.492967457,0.999999920414393,568107.9027745053,TRUE
12070008,"Bad Wilsnack, Stadt",79693609.51313046,79693603.60667534,0.9999999258854612,1694086.9037694754,TRUE
15091160,"Kemberg, Stadt",236987026.99163863,236987011.7819906,0.9999999358207567,6983114.162772454,TRUE
16064003,"Bad Langensalza, Stadt",126456585.70906514,126456576.43998547,0.9999999267014872,7472833.267947511,TRUE
16064004,"Bad Tennstedt, Stadt",27498221.084865674,27498218.742025543,0.999999914800302,1338422.8993108503,TRUE
16064005,Ballhausen,14763970.830593009,14763971.401855385,1.0000000386930037,444314.8330514367,TRUE
01058075,Hörsten,4929022.675857492,4929022.382886618,0.9999999405620764,59660.41347932377,TRUE
12061572,Zeuthen,13399174.843686089,13399194.076315954,1.0000014353592732,4001632.763529821,TRUE
15083120,Burgstall,117255764.73535794,117255760.85277133,0.9999999668878828,3952901.2742369156,TRUE
12071301,Neuhausen/Spree / Kopańce/Sprjewja,134615089.8409248,134615078.9911878,0.9999999194017773,8428589.183471631,TRUE
12061112,Eichwalde,2828092.221003644,2828092.718332649,1.000000175853178,1739446.2617835058,TRUE
15083125,Calvörde,106721965.34900965,106721954.69019192,0.9999999001253613,3012981.1927912557,TRUE
14521035,"Aue-Bad Schlema, Stadt",36154219.44081664,36154216.63571849,0.9999999224129799,5593936.540087284,TRUE
14628210,"Königstein/Sächs. Schw., Stadt",27219880.42565963,27219878.71082718,0.9999999370007353,1579649.5711744765,TRUE
14730180,Löbnitz,37261868.98507181,37261865.835138276,0.9999999154649615,2348785.9838823187,TRUE
16075098,"Schleiz, Stadt",108227471.47247495,108227463.30379266,0.9999999245230238,5048554.63798548,TRUE
14627360,Zeithain,81490482.71897905,81490475.26993014,0.9999999085899524,4865213.313417971,TRUE
12062464,Schraden,16521516.535884708,16521515.935479423,0.9999999636591905,423929.43504524155,TRUE
16053000,"Jena, Stadt",114774805.72667123,114774795.89656913,0.9999999143531366,20102442.145851042,TRUE
16064022,Herbsleben,25026925.58213634,25026924.964327745,0.9999999753142433,1449179.3172283275,TRUE
03355003,"Artlenburg, Flecken",11794513.072966393,11794512.057966538,0.9999999139430471,706330.6762783603,TRUE
03355004,"Bardowick, Flecken",23141644.727642484,23141642.78146012,0.9999999159012946,3620712.487678473,TRUE
12062453,Schönborn,38868211.06746749,38868207.59449687,0.9999999106475311,1414263.4301655942,TRUE
15084025,Balgstädt,32846131.485708393,32846129.10844097,0.9999999276241275,775750.3642943176,TRUE
01061101,Sommerland,19092467.343903963,19092465.973983996,0.999999928248144,463572.18165662617,TRUE
16064019,Großvargula,15220881.260040574,15220878.548437811,0.9999998218498183,378851.81359777774,TRUE
12067288,Langewahl,13351545.328581879,13351544.364484703,0.9999999277913416,785626.0375792629,TRUE
01061102,Stördorf,7213693.931522623,7213693.34305807,0.9999999184239644,151451.77321916213,TRUE
01061103,Störkathen,2007457.4293893194,2007457.2089012007,0.9999998901654822,56109.32654981199,TRUE
01061104,Süderau,9143939.494940234,9143938.613598792,0.99999990361469,445692.45718586416,TRUE
01061105,Vaale,14939398.5273491,14939397.35546032,0.9999999215571646,619693.1267425938,TRUE
03355018,Hittbergen,14698093.731524933,14698093.54993849,0.9999999876455787,497371.33584590117,TRUE
01061106,Vaalermoor,6207260.511938371,6207260.133070413,0.9999999389637414,61075.01638186749,TRUE
03355019,Hohnstorf (Elbe),10238061.126058638,10238059.03786594,0.9999997960363127,976597.7528436616,TRUE
01061109,Westermoor,9368196.88403059,9368195.911359664,0.9999998961730909,207363.3306323532,TRUE
12062461,"Schönewalde, Stadt",156292913.23826408,156292903.45117533,0.9999999373798303,5275754.161824533,TRUE
03355021,Lüdersburg,19133387.653780233,19133385.997059148,0.9999999134120358,377363.05769039725,TRUE
03355022,"Lüneburg, Hansestadt",71074374.91151105,71074369.43583372,0.9999999229584877,20463425.727055136,TRUE
01061110,Wewelsfleth,17447722.674192406,17447721.474294353,0.9999999312289589,744274.8469755375,TRUE
03355024,Melbeck,16200825.69834225,16200824.497965455,0.9999999259064434,1319983.2760939791,TRUE
03355026,Neetze,26945390.1318674,26945387.263709273,0.9999998935566301,1284386.1779318056,TRUE
12071341,Schmogrow-Fehrow/Smogorjow-Prjawoz,30353146.313546613,30353100.55891227,0.999998492590064,1418129.6552140922,TRUE
03355028,Radbruch,22516491.85122425,22516490.404101077,0.9999999357305221,1092564.4795920989,TRUE
03355007,Barum,9864912.656431708,9864911.67215415,0.9999999002244022,736488.1963732584,TRUE
03355009,"Bleckede, Stadt",140494990.62396166,140494982.16025615,0.9999999397579553,4805789.599127396,TRUE
13071077,Klink,25061965.027553067,25061977.081516277,1.0000004809664045,600837.6173741049,TRUE
15085365,"Wegeleben, Stadt",51815979.08857249,51815973.27801617,0.9999998878616903,1935755.777720198,TRUE
03355011,Brietlingen,19964190.612044346,19964188.69758147,0.9999999041051595,1423507.092053796,TRUE
03355014,Deutsch Evern,11074207.091113899,11074205.983431406,0.999999899976361,1240258.8575458832,TRUE
03355015,Echem,10388994.139122503,10388992.9378764,0.9999998843732043,548651.0268931622,TRUE
03355017,Handorf,9851649.132351235,9851648.664964486,0.9999999525575117,1074227.6373180419,TRUE
13071069,Jabel,75358228.78741257,75358208.3083094,0.9999997282433054,769370.0231846481,TRUE
01061112,Willenscharen,7594688.672345672,7594688.035874843,0.9999999161952706,108654.57295826379,TRUE
01061113,"Wilster, Stadt",2758078.2947691735,2758078.0680437605,0.9999999177958749,1280179.6231623269,TRUE
01061114,Winseldorf,5446483.994498104,5446483.486368098,0.9999999067049483,144003.34865162257,TRUE
01061115,Wittenbergen,4568702.306641176,4568702.052294541,0.9999999443284727,100841.25263727113,TRUE
01061116,Wrist,10052737.618686663,10052736.90589162,0.9999999290944347,832118.6155659639,TRUE
01061117,Wulfsmoor,8805404.096010387,8805404.08912624,0.9999999992181907,225048.1613757831,TRUE
01061118,Kollmar,25551385.45768422,25551383.392578572,0.9999999191783299,896235.8011645722,TRUE
01061119,Neuendorf-Sachsenbande,19424968.68002541,19424967.103523266,0.9999999188414576,275388.6495357494,TRUE
14522300,Kriebstein,31172305.140820637,31172303.266519688,0.9999999398728795,1161357.3750217063,TRUE
01058007,Arpsdorf,12061621.416374272,12061620.352740165,0.9999999118166563,183190.8461942038,TRUE
16074112,Wichmar,5198417.180010833,5198416.811483304,0.9999999291077426,137291.30102244366,TRUE
15090220,Hassel,20423004.147187278,20423003.59391314,0.9999999729092678,761701.7317679505,TRUE
12061510,Unterspreewald,26040163.130653583,26040161.755000915,0.9999999471718876,875975.0051245388,TRUE
13071093,"Malchow, Inselstadt",45019489.30844949,45019483.47415963,0.9999998704052411,3431287.960264143,TRUE
15090225,"Havelberg, Hansestadt",150115835.7962599,150115823.21094283,0.9999999161626286,3864659.453375559,TRUE
14625570,Spreetal / Sprjewiny Doł,108801115.53414412,108801105.82626635,0.9999999107740971,12909015.640555136,TRUE
15091110,"Gräfenhainichen, Stadt",160051497.85625362,160051482.8175958,0.9999999060386312,6532612.934634932,TRUE
14522320,Leubsdorf,34266789.78694286,34266786.9067503,0.9999999159479899,1339933.4147011407,TRUE
15082241,Muldestausee,138575485.60244823,138575474.43770933,0.9999999194320781,7887801.863925454,TRUE
12070424,"Wittenberge, Stadt",50420776.41981825,50420773.31289225,0.9999999383800444,7486230.5822570035,TRUE
14524080,"Glauchau, Stadt",52013177.3654473,52013172.99565757,0.999999915986872,8365680.974748582,TRUE
01058024,Borgstedt,5921919.114139004,5921918.60694134,0.9999999143524837,600804.4180294477,TRUE
16075035,Gössitz,12741784.707208347,12741783.855616063,0.9999999331653844,175058.6514584264,TRUE
01058026,Bovenau,26343157.203893557,26343155.07426009,0.9999999191580018,526698.0910121377,TRUE
01058029,Breiholz,10560873.009996124,10560872.152829684,0.9999999188356457,99190.80955641111,TRUE
01058009,Aukrug,49941251.62624388,49941247.32391161,0.9999999138521336,1669654.2355009736,TRUE
15083557,Westheide,51258605.551395096,51258606.784017265,1.0000000240471265,2308863.449882995,TRUE
14522310,"Leisnig, Stadt",78044891.97818156,78044884.8824394,0.999999909081274,3898728.223200431,TRUE
12070416,Weisen,15518445.506494392,15518444.178975038,0.9999999144553909,761566.2639468445,TRUE
16075023,Eßbach,5443053.721972794,5443053.2400994245,0.9999999114700324,132176.49249867222,TRUE
11000000,"Berlin, Stadt",891780174.8303725,891780100.626902,0.9999999167917469,433060770.3678811,TRUE
15090245,Hohenberg-Krusemark,63938237.24079598,63938231.55399075,0.9999999110578354,1573974.435012008,TRUE
12069460,Päwesin,23647340.026410583,23647339.336743344,0.9999999708353143,486440.04873482225,TRUE
14730120,Elsnig,36988787.34892677,36988785.72898946,0.9999999562046387,1235511.8568239892,TRUE
12067201,Grünheide (Mark),126352102.2191363,126352075.22624291,0.9999997863676748,5119814.0571646895,TRUE
15089235,"Nienburg (Saale), Stadt",79375248.88859591,79375240.02483523,0.9999998883309242,5957179.519985515,TRUE
01058044,Ehndorf,14688959.266090315,14688958.281170448,0.9999999329482879,323501.83999527886,TRUE
15087055,Berga,25961653.609452654,25961651.753516205,0.9999999285123946,1619812.8400932306,TRUE
12069454,Nuthetal,48437534.62117978,48437530.96792951,0.9999999245781128,4110525.718933008,TRUE
14524090,"Hartenstein, Stadt",36841945.25364857,36841942.24508835,0.9999999183387249,1462116.646138314,TRUE
14730110,"Eilenburg, Stadt",46756117.64448141,46756114.12629968,0.9999999247546223,6503780.417466284,TRUE
15089245,Plötzkau,23961380.695040308,23961379.026948184,0.99999993038414,1131613.097007303,TRUE
15082256,Osternienburger Land,140329265.54748935,140329254.74005717,0.9999999229851868,6668431.878399187,TRUE
15083580,Zielitz,11433476.449316714,11433475.48308633,0.9999999154911118,1113012.7674287418,TRUE
01058034,"Büdelsdorf, Stadt",5153811.36168117,5153810.789791081,0.9999998890355023,3036284.6581218066,TRUE
01058035,Bünsdorf,13331204.183072826,13331203.099925356,0.9999999187509654,360258.1467765178,TRUE
12054000,"Potsdam, Stadt",186960130.6256413,186960116.2551622,0.9999999231361305,33746986.19149113,TRUE
15083565,"Wolmirstedt, Stadt",54729424.11264736,54729420.60554525,0.999999935919258,6081099.051080738,TRUE
15084445,Schönburg,14795758.253482584,14795756.860968392,0.9999999058842293,623225.4795278094,TRUE
14729100,Elstertrebnitz,11619607.328886202,11619606.413407886,0.9999999212126288,1663158.3741551603,TRUE
14730140,Jesewitz,52579637.76954773,52579634.39385539,0.9999999357984862,1748714.8346688452,TRUE
12061540,"Wildau, Stadt",8859795.18962394,8859795.253028387,1.0000000071564235,3527561.753347819,TRUE
15083115,Bülstringen,25328781.491338883,25328780.049814764,0.9999999430875063,1138965.2243747222,TRUE
16071015,Eberstedt,4115693.94385734,4115693.755006143,0.9999999541143729,108205.77074932831,TRUE
15090285,Kamern,68252508.79766643,68252504.35001606,0.999999934835357,1507869.9622292817,TRUE
12069028,Bensdorf,34327538.55117235,34327535.88583746,0.9999999223557817,1208802.8057391886,TRUE
14730160,Laußig,103741298.45665489,103741278.82228033,0.9999998107371427,2951518.674697681,TRUE
16071001,"Apolda, Stadt",46278365.56514259,46278361.92118946,0.9999999212601162,7682456.461325914,TRUE
16071003,"Bad Berka, Stadt",54603342.18409892,54603339.60215123,0.9999999527144752,2758063.2749910937,TRUE
16071004,"Bad Sulza, Stadt",93949607.40627933,93949600.55844352,0.999999927111608,4191326.756865788,TRUE
15090270,Iden,37819605.680566885,37819603.711761676,0.9999999479422069,680058.6342659763,TRUE
16071009,Buchfart,7264648.840287894,7264648.077578116,0.9999998950107851,74869.54930322987,TRUE
12065036,Birkenwerder,17753259.84957883,17753257.505094137,0.9999998679406085,2985421.227682663,TRUE
13071001,Alt Schwerin,44364011.80546184,44364009.38539751,0.9999999454498313,851144.0545675029,TRUE
12069017,"Beelitz, Stadt",181276681.2923098,181276664.62595493,0.9999999080612313,9915263.312427146,TRUE
12069018,Beetzsee,21321376.587013684,21321375.794820815,0.999999962845135,1566236.2643223382,TRUE
12069019,Beetzseeheide,37578173.903789505,37578170.52905711,0.9999999101943483,600265.1991948364,TRUE
16071031,Hetschburg,2807224.2804525387,2807224.0593932066,0.9999999212534126,82716.75816489477,TRUE
13071036,Fünfseen,51491620.68168621,51491617.935570344,0.9999999466686846,924078.8562779169,TRUE
16071022,Großheringen,6057560.926787112,6057560.499885939,0.999999929525897,604760.6338021853,TRUE
15090610,"Werben (Elbe), Hansestadt",53284422.1490267,53284417.260901414,0.9999999082635208,911872.8071777531,TRUE
14729170,"Groitzsch, Stadt",70066356.78129907,70066350.66600142,0.9999999127213413,5655921.633859957,TRUE
16071056,Mellingen,14403975.646335885,14403973.87801739,0.9999998772339985,1095040.774030516,TRUE
12065084,"Fürstenberg/Havel, Stadt",214316768.5831509,214316750.11863026,0.9999999138447226,4213645.630412776,TRUE
14729160,"Grimma, Stadt",218061391.4985175,218061374.8972408,0.999999923868794,13614926.763052842,TRUE
12063244,"Premnitz, Stadt",46178220.475776285,46178182.684543245,0.9999991816221446,4509431.667710269,TRUE
12063228,Paulinenaue,31697901.34660355,31697903.47015676,1.0000000669934954,761008.0687464379,TRUE
15090631,Wust-Fischbeck,68342324.78104992,68342318.47860287,0.9999999077812018,1861347.8340522589,TRUE
14522290,Königshain-Wiederau,31091584.247506883,31091581.798197743,0.9999999212227617,1135555.1157509375,TRUE
15090635,Zehrental,72723029.67642361,72723028.03890151,0.9999999774827574,1423419.439395094,TRUE
13071043,Göhren-Lebbin,41540306.91411783,41540305.22909311,0.9999999594363922,863710.5738658404,TRUE
13071045,Gotthun,10025664.06215434,10025663.542664127,0.9999999481839598,250463.49134119405,TRUE
15088305,"Querfurt, Stadt",156689734.57939652,156689722.88549143,0.9999999253690415,6205533.514520458,TRUE
15086145,Möser,81000767.12181057,81000756.03518148,0.9999998631293322,5635124.507821506,TRUE
12063260,"Rhinow, Stadt",31824090.524943247,31824088.859257396,0.999999947659593,1210348.81242052,TRUE
16071064,Niedertrebra,9012802.449500132,9012802.081489546,0.9999999591680181,513967.7892406669,TRUE
12060198,Schorfheide,139987527.87122595,139987512.08004358,0.9999998871957909,1512002.1663084128,TRUE
16071069,Obertrebra,3324047.8650238514,3324047.4144768016,0.9999998644583147,158988.20956655784,TRUE
15087015,"Allstedt, Stadt",149514752.3711963,149514742.1290755,0.9999999314975905,5814419.2241607495,TRUE
16071071,Oettern,3602836.360627912,3602836.074786088,0.9999999206620019,60061.91287905089,TRUE
12063252,"Rathenow, Stadt",113281273.23172311,113281264.1812677,0.999999920106341,11468517.040180419,TRUE
16067067,Tonna,30553380.785975747,30553377.71526245,0.9999998994967753,1293511.5096244558,TRUE
14627270,"Strehla, Stadt",30382874.974275477,30382873.10485327,0.9999999384711878,1852727.5306172534,TRUE
15088330,Schkopau,99658574.27420858,99658567.2163074,0.9999999291791878,11456580.953507889,TRUE
15085285,"Schwanebeck, Stadt",32953784.911572687,32953783.25574235,0.9999999497529543,1455003.640546725,TRUE
12066304,"Senftenberg/Zły Komorow, Stadt",127930840.68666176,127930835.28460762,0.9999999577736368,19259471.412567127,TRUE
15088319,Salzatal,110084626.45194812,110084618.75684552,0.99999993009829935,6175457.707347934,TRUE
12061061,Byhleguhre-Byhlen/Beła Góra-Bělin,35724457.19712538,35724453.563554585,0.9999998982889852,1089721.1866421318,TRUE
12063274,Seeblick,48569978.35812218,48569975.987201974,0.9999999511854795,771554.5314618049,TRUE
14524050,Dennheritz,13026224.032660693,13026222.470448557,0.999999880071759,983442.8770059868,TRUE
12068109,Dreetz,64769278.94313982,64769271.87576746,0.9999998908838809,1221613.8497898083,TRUE
15085287,Selke-Aue,36652455.57898846,36652452.09545027,0.9999999049575767,1061293.6490293161,TRUE
14628160,"Heidenau, Stadt",10938125.892033692,10938124.928668221,0.9999999119259112,5023726.695109492,TRUE
12068117,Fehrbellin,269591447.2106543,269591423.7513566,0.9999999129820402,6586117.372696752,TRUE
12063293,Stechow-Ferchesar,51142310.06227499,51142306.079986885,0.9999999221331984,683131.3566766626,TRUE
12066316,Tettau,8928766.477703061,8928766.735317953,1.0000000288522377,519166.0440188492,TRUE
14522220,Großweitzschen,44321409.29197093,44321408.48019157,0.9999999816842612,2017270.9904557327,TRUE
01053111,Schnakenbek,12870335.164193522,12870334.170474498,0.9999999227899653,348871.80028736906,TRUE
12066320,"Vetschau/Spreewald / Wětošow/Błota, Stadt",111492296.00315,111492294.77260236,0.9999999889629357,7496279.422735976,TRUE
01061068,Moordiek,6113275.296650371,6113275.044593083,0.9999999587688636,78270.8074118096,TRUE
14522210,"Großschirma, Stadt",60754639.52160777,60754638.04731763,0.9999999757337028,3288932.674088251,TRUE
15088365,Teutschenthal,90998135.38742118,90998127.94179168,0.9999999181782191,9295403.939300923,TRUE
01061070,Moorhusen,4684488.362431735,4684488.151968457,0.9999999550723021,48812.98373243666,TRUE
01061071,Mühlenbarbek,8695576.482517475,8695575.713247985,0.9999999115332385,173340.44837024316,TRUE
01061072,Münsterdorf,5131146.996250889,5131146.688782942,0.9999999400781252,673229.5505733527,TRUE
01061073,Neuenbrook,14564392.080184542,14564390.926512267,0.9999999207881615,587450.6646444224,TRUE
01061074,Neuendorf b. Elmshorn,14980985.703895425,14980984.72824567,0.9999999348741281,422188.5403600748,TRUE
01061077,Nortorf,19775825.368098814,19775823.598845046,0.999999910534517,469174.70473971264,TRUE
01061056,Kremperheide,3912985.401356533,3912985.006902103,0.9999998991934828,821094.4408154231,TRUE
01061057,Krempermoor,1591606.0521162227,1591605.892008549,0.9999998994049606,225766.3722051552,TRUE
01061058,Kronsmoor,6065619.853377823,6065619.650612747,0.9999999665714172,353261.2591623516,TRUE
01061059,Krummendiek,1778971.6441342682,1778971.4360679435,0.999999883041236,64115.52292808558,TRUE
01053132,Witzeeze,10495961.298507476,10495960.640532842,0.9999999373116367,363659.8140383157,TRUE
01061060,Kudensee,3061379.4350277036,3061379.112578519,0.999999894671931,104854.76302766424,TRUE
01061061,Lägerdorf,6022031.089624211,6022030.606842832,0.9999999198308058,1374176.4244304963,TRUE
01061062,Landrecht,3976886.517002115,3976886.3926673215,0.9999999687356446,149755.64833667933,TRUE
12070348,Rühstädt,28836364.758831542,28836361.923606247,0.999999901678824,561681.1434092047,TRUE
01061063,Landscheide,7477873.405361168,7477872.814363651,0.9999999209671674,198315.71389725024,TRUE
01061065,Lohbarbek,6191733.085576907,6191732.659027086,0.9999999311097854,322214.87210428144,TRUE
01061089,Rade,3870344.5288661644,3870344.353065818,0.9999999545775977,69297.14382932367,TRUE
16052000,"Gera, Stadt",152225023.77741796,152225011.7389957,0.9999999209169297,24980001.605778642,TRUE
15087412,Südharz,237771924.26979628,237771906.7115916,0.9999999261552652,5872528.404618818,TRUE
15091020,"Bad Schmiedeberg, Stadt",161130997.6553338,161130986.2111314,0.9999999289757864,5390911.197835274,TRUE
01061092,Rethwisch,9864993.32357549,9864992.637917923,0.9999999304958915,612025.5133400433,TRUE
01061093,Rosdorf,5568800.017503101,5568799.694845792,0.9999999420598139,109666.68818739717,TRUE
01061095,Sankt Margarethen,10915797.84754666,10915797.122969178,0.9999999336212074,400013.87653491204,TRUE
01061096,Sarlhusen,10863156.294364028,10863155.610849842,0.9999999370795958,326290.446145446,TRUE
01061078,Nutteln,6933180.457008138,6933179.911255061,0.9999999212838782,147427.81246443198,TRUE
01061079,Oelixdorf,10429095.871570615,10429095.094475701,0.9999999254877965,392037.0327897632,TRUE
16074087,Schöps,4478658.651521938,4478658.343032759,0.999999931120185,302972.73374825786,TRUE
01061080,Oeschebüttel,5528914.097068043,5528913.6721204035,0.9999999231408496,100151.06449471053,TRUE
01061082,Oldendorf,9947688.806140095,9947688.16095922,0.9999999351426359,427468.5346934225,TRUE
14523100,"Elsterberg, Stadt",25100374.130603895,25100372.111612026,0.9999999195632759,1508444.1407962847,TRUE
01061083,Ottenbüttel,9892173.788206726,9892172.881189393,0.9999999083096038,555939.049869221,TRUE
01061088,Quarnstedt,10552003.177587964,10552002.461216193,0.999999932110353,313693.95717155654,TRUE
14522250,"Hartha, Stadt",54267953.5876267,54267951.4764715,0.9999999610975712,2678789.882426906,TRUE
16074092,Silbitz,11496079.53001954,11496078.931600142,0.9999999479457847,517859.7017663895,TRUE
15091060,"Coswig (Anhalt), Stadt",296977392.1551608,296977367.3265649,0.9999999163956701,9845297.033651348,TRUE
16074095,Sulza,4005400.947654756,4005400.8038810515,0.9999999641050407,221881.19138469466,TRUE
03354007,Gorleben,21490957.20298397,21490956.17476991,0.9999999521559672,821048.3324104148,TRUE
16074079,Rothenstein,10578975.680415465,10578975.250240425,0.9999999593367966,565421.1503611611,TRUE
03354008,Gusborn,48504374.573017344,48504371.23502287,0.9999999311815789,772317.9766909849,TRUE
03354009,"Hitzacker (Elbe), Stadt",58684317.62890807,58684312.14080887,0.9999999064809916,2371881.7416496207,TRUE
12061450,Schwielochsee/Gójacki Jazor,132163406.72326814,132163395.95003647,0.9999999184855177,4650510.47319927,TRUE
14627210,"Radebeul, Stadt",26086272.62866529,26086270.94272868,0.9999999353707356,11069224.40407101,TRUE
12061476,Straupitz (Spreewald)/Tšupc (Błota),21758432.358809583,21758430.015511952,0.999999892303931,850064.808829937,TRUE
15087440,Wallhausen,35290792.31091242,35290789.31029227,0.999999914974418,1806505.497774732,TRUE
14522280,Königsfeld,28217694.347748056,28217692.151946895,0.9999999221835373,831283.3731703178,TRUE
03354010,Höhbeck,19523129.25089906,19523116.94270777,0.9999993695584793,529863.7426528666,TRUE
03354011,Jameln,36200175.478407234,36200172.21566729,0.9999999098694993,869150.2116226627,TRUE
03354014,Langendorf,41012484.44700155,41012481.84683941,0.9999999366007164,621163.9582194295,TRUE
03354016,Luckau (Wendland),22424061.24936895,22424059.71271105,0.9999999314728103,492595.454180453,TRUE
12063202,Mühlenberge,39744459.80381656,39744455.68451175,0.9999998963552448,534765.9555895845,TRUE
12063208,"Nauen, Stadt",268622786.97114605,268622770.7103101,0.99999993946591,9167338.451853838,TRUE
14627240,Röderaue,28542307.941154342,28542305.54157726,0.9999999159291153,1511062.9536610523,TRUE
15084355,"Naumburg (Saale), Stadt",130230899.2403071,130230889.5612507,0.9999999256777274,11484051.784911525,TRUE
03354003,Damnatz,16377881.098956853,16377879.711133342,0.9999999152623283,230445.7956805968,TRUE
03354004,"Dannenberg (Elbe), Stadt",76630076.88661331,76630070.50342979,0.9999999167013295,4450648.064666963,TRUE
03354005,"Gartow, Flecken",28383481.658435933,28383490.934013885,1.0000003267949318,723068.2209512033,TRUE
15085235,"Quedlinburg, Welterbestadt",121014978.91458511,121014969.37495323,0.9999999211698256,9651426.137291048,TRUE
14730050,Cavertitz,69137513.78690976,69137508.65527077,0.9999999257763448,1551655.2107499163,TRUE
15083040,Barleben,29938337.261810232,29938331.813184306,0.9999998180050589,5206410.591030101,TRUE
14627230,"Riesa, Stadt",58755121.96194173,58755117.991539665,0.9999999324245797,10685455.455471234,TRUE
15090180,Goldbeck,26866543.111449055,26866541.635875966,0.9999999450776722,1215627.0568714195,TRUE
12068501,Zernitz-Lohm,37671426.00534109,37671421.03984965,0.9999998681894483,757813.8034184952,TRUE
15083025,Am Großen Bruch,50722033.75290173,50722029.73333008,0.9999999207529479,1420401.1222956195,TRUE
15084360,"Nebra (Unstrut), Stadt",25380112.011272144,25380109.797785632,0.9999999127865744,1718100.6685818515,TRUE
12062336,Merzdorf,12864357.151873898,12864356.655849898,0.999999961441991,482815.1706485444,TRUE
03354018,"Lüchow (Wendland), Stadt",89225940.80344959,89225932.71658336,0.9999999093664224,4999190.938928907,TRUE
03354019,Neu Darchau,22831430.719361946,22831428.12056808,0.9999998861747257,649772.9551063462,TRUE
14730080,Doberschütz,78458063.03302881,78458052.62375309,0.9999998673268836,3351525.2493482498,TRUE
15083030,Angern,64364631.84929438,64364628.26891576,0.9999999443735089,3034875.693360014,TRUE
12061005,Alt Zauche-Wußwerk/Stara Niwa-Wózwjerch,33146755.549998734,33146753.280339397,0.9999999315269534,906132.8741897852,TRUE
12062341,"Mühlberg/Elbe, Stadt",89098728.82767713,89098721.2352107,0.9999999147859175,4868602.205532314,TRUE
03354021,"Schnackenburg, Stadt",23314743.83659268,23314742.061814368,0.999999923877426,501234.6761077853,TRUE
03354023,Trebel,66900327.67931555,66900321.017624356,0.9999999004236387,1152273.491264129,TRUE
03354025,Woltersdorf,28146134.254653327,28146132.167113267,0.9999999258320862,766780.8469008034,TRUE
03354026,"Wustrow (Wendland), Stadt",30149942.119772527,30149940.00607533,0.9999999298938224,1246272.9141568826,TRUE
14730070,"Delitzsch, Stadt",86261466.9031405,86261460.7931394,0.9999999291688245,10130391.052127298,TRUE
12062372,Plessa,52513501.633286625,52513499.640437365,0.999999962050726,2334459.206825223,TRUE
15089195,"Könnern, Stadt",125573645.56046003,125573633.98062563,0.9999999077845169,7483574.483554835,TRUE
01061002,Aebtissinwisch,3020344.4797404734,3020344.211155192,0.9999999110746197,69884.97247004366,TRUE
01061004,Altenmoor,6308005.038218986,6308004.490865921,0.9999999132288161,102746.86240703937,TRUE
01061005,Auufer,5179584.184234425,5179583.140693982,0.9999997985281431,95681.0698378942,TRUE
01061006,Bahrenfleth,14423782.39802058,14423781.364316987,0.9999999283333896,345573.3191080233,TRUE
01061007,Beidenfleth,13774586.588365396,13774585.55056913,0.999999924658627,488423.94341832714,TRUE
01061008,Bekdorf,1806392.1699555144,1806392.0877943453,0.9999999545164276,73608.1165153323,TRUE
12067173,Gosen-Neu Zittau,14483476.151721843,14483473.115180282,0.9999997903444222,1734019.4195958015,TRUE
14730090,"Dommitzsch, Stadt",30338752.212459967,30338750.30762877,0.9999999372145834,1416398.3834997443,TRUE
01061010,Bekmünde,2887204.766797483,2887204.6615952943,0.999999963562616,102236.54469806349,TRUE
14729080,"Colditz, Stadt",84880898.3824268,84880893.25433819,0.9999999395848924,4246768.050351674,TRUE
01061023,Dammfleth,16427195.179507375,16427193.978603251,0.999999926895364,386033.8160570444,TRUE
01061025,Ecklak,15576641.335683834,15576640.366246663,0.9999999377634017,329202.76337516704,TRUE
01061026,Elskop,7144959.6955476925,7144959.095112226,0.9999999159637714,157803.68496268123,TRUE
01061027,Engelbrechtsche Wildnis,4951910.692648098,4951910.526782169,0.9999999665046607,400654.260261445,TRUE
01061028,Fitzbek,10288286.642115517,10288285.62696801,0.9999999013297799,222781.19198974536,TRUE
01061029,"Glückstadt, Stadt",12688293.929562852,12688292.49233898,0.9999998867283593,3534908.0052640736,TRUE
15083411,"Oebisfelde-Weferlingen, Stadt",121508027.6249815,121508017.971744,0.9999999205547347,4921053.02247634,TRUE
15083415,"Oschersleben (Bode), Stadt",186555296.8483374,186555283.2134008,0.9999999269120908,9708635.805503642,TRUE
01061030,Grevenkop,9389174.040083209,9389173.365310602,0.9999999281329109,279073.05411492503,TRUE
01061031,Gribbohm,13135205.753152039,13135204.868539302,0.9999999326533018,248099.157122331,TRUE
01061012,Blomesche Wildnis,6817268.927033406,6817268.5104700755,0.9999999388958636,365821.8884351569,TRUE
01061014,Bokhorst,5940544.993389139,5940544.773498361,0.9999999629847467,148234.02173782964,TRUE
01061015,Borsfleth,13873937.828345843,13873936.791346118,0.9999999252555591,491105.8210429919,TRUE
01061016,Breitenberg,3043215.531401111,3043215.444541121,0.9999999714578252,139721.45388868716,TRUE
01061017,Breitenburg,10209262.87044376,10209261.581399381,0.999999873737762,797052.997171523,TRUE
01061018,Brokdorf,13457411.511106566,13457410.419436347,0.9999999188796287,736138.5496258722,TRUE
01061019,Brokstedt,12493878.40960178,12493876.028760234,0.9999998094393536,757933.9011611697,TRUE
09475137,Issigau,18594154.162651964,18594152.913619168,0.9999999328265871,530638.7682503605,TRUE
16074021,Freienorla,6875695.191636823,6875694.731863547,0.9999999331306488,160073.19081475216,TRUE
15081240,"Kalbe (Milde), Stadt",273434024.57851636,273434005.27206975,0.9999999293926692,6764164.227541649,TRUE
16074026,Golmsdorf,7654639.144072595,7654638.384398843,0.9999999007564253,323412.79362984165,TRUE
12070302,Plattenburg,201698921.44520858,201698906.63284543,0.9999999265620111,3213050.623716925,TRUE
01061020,Büttel,8893601.009232275,8893600.092125153,0.999999896880114,1165013.3382101841,TRUE
01061022,Dägeling,7549066.919642679,7549066.437656435,0.9999999361528717,930844.1049722191,TRUE
01061045,Huje,5550147.627374202,5550147.1330695655,0.9999999109384705,157256.0154473417,TRUE
01061046,"Itzehoe, Stadt",28567842.61850711,28567840.192520015,0.9999999150797935,8917527.281666629,TRUE
09475141,Köditz,31319439.79387769,31319437.595336605,0.9999999298026688,1728346.217987477,TRUE
01061047,Kaaks,8670248.21754631,8670247.601075903,0.9999999288981823,450119.75333001703,TRUE
01061049,"Kellinghusen, Stadt",18802158.08857478,18802156.812231876,0.9999999321172125,2635567.651784745,TRUE
16074031,Großeutersdorf,3439460.8727406063,3439460.789664214,0.9999999758461005,120938.16042385688,TRUE
16074011,"Dornburg-Camburg, Stadt",30959506.43321031,30959504.474720996,0.9999999367402927,2490519.2909055753,TRUE
16074012,Crossen an der Elster,10708845.301631566,10708844.624597551,0.9999999367780563,828898.7154705991,TRUE
01061050,Kiebitzreihe,8537781.395210117,8537780.76733572,0.9999999264593028,762343.991934277,TRUE
01061052,Kleve,5626614.1739385575,5626613.6976577975,0.9999999153521558,256466.5647995536,TRUE
01061053,Kollmoor,3447398.111286644,3447397.9420025595,0.999999950895116,51788.50307591085,TRUE
01061054,Krempdorf,5463125.091281552,5463124.044834103,0.9999998084525924,168086.31873356618,TRUE
01061055,"Krempe, Stadt",3548555.553975174,3548555.7890813896,1.0000000662540607,724949.44409846,TRUE
01061034,Heiligenstedten,9192732.4144548,9192731.988071121,0.9999999536173079,828194.4776044411,TRUE
01061035,Heiligenstedtenerkamp,866469.5967660844,866469.5570909429,0.9999999542105785,260632.92118508078,TRUE
01061037,Herzhorn,12557003.167572334,12557002.169143977,0.9999999204883248,512629.10352830344,TRUE
01061039,Hodorf,7392725.059782365,7392724.451114626,0.9999999176666609,168677.49560384423,TRUE
15091010,"Annaburg, Stadt",226459216.16960227,226459188.4027474,0.9999998773869514,6690397.035297841,TRUE
16074044,"Kahla, Stadt",7954803.884107791,7954803.260472951,0.9999999216027387,2295821.43563679,TRUE
16074048,Kleineutersdorf,5347650.252812287,5347649.6173023665,0.9999998811609043,115291.82942808198,TRUE
01061040,Hohenaspe,14162362.029041514,14162360.511990696,0.9999998928815113,933676.9179905948,TRUE
01061041,Hohenfelde,17820565.163690515,17820563.985706005,0.9999999338974663,605819.6173285842,TRUE
01061044,Horst (Holstein),29058228.39814709,29058226.25245071,0.9999999261587337,2506413.1496511507,TRUE
12073384,"Lychen, Stadt",112021774.56824146,112021746.39648564,0.9999997485153584,2034686.5149011177,TRUE
16074033,Großpürschütz,3845635.347057186,3845635.110466298,0.9999999384780754,141620.8242965897,TRUE
15086080,"Jerichow, Stadt",271779195.4181777,271779177.8147898,0.9999999352290821,6721925.930367812,TRUE
15083440,Rogätz,24048270.157926522,24048268.43291282,0.9999999282686991,1514997.012053721,TRUE
16074065,"Orlamünde, Stadt",7560925.23904848,7560925.17783844,0.9999999919044247,456027.5071577855,TRUE
09475181,Töpen,20756111.096766166,20756108.769546848,0.9999998878778733,789980.0959091521,TRUE
14730020,"Bad Düben, Stadt",45728575.43340838,45728572.13403975,0.9999999278488648,3572576.8291605716,TRUE
12061428,Schlepzig/Słopišća,30508224.72965719,30508218.859930117,0.9999998076018147,650449.7993650931,TRUE
15090135,Eichstedt (Altmark),33092416.667359404,33092413.71524928,0.9999999107919451,765029.0375697595,TRUE
15084315,"Lützen, Stadt",97066621.0122074,97066609.82302341,0.999999884726759,6231480.291877473,TRUE
14730010,Arzberg,58694154.26545706,58694149.68211441,0.9999999219114287,1523018.2611619364,TRUE
16074063,Neuengönna,6143099.034534556,6143098.583999006,0.9999999266598915,328091.5996720444,TRUE
15088295,Petersberg,102954141.65711083,102954122.44599551,0.9999998134012386,6207599.751060993,TRUE
12067124,"Erkner, Stadt",17688814.325164415,17688809.472829714,0.9999997256834398,3811735.250222428,TRUE
15089130,Giersleben,19958084.980569933,19958082.726166345,0.9999998870430911,742777.5712517578,TRUE
12068052,Breddin,44818504.18544727,44818501.66062973,0.9999999436657339,714912.5491009229,TRUE
14730045,"Belgern-Schildau, Stadt",158994760.30683702,158994749.42249462,0.9999999315427603,5080516.033573051,TRUE
12066272,"Ruhland, Stadt",37115648.184359506,37115646.36481493,0.9999999509763492,2647311.7396196476,TRUE
14729030,Bennewitz,46839894.28818876,46839890.83624726,0.9999999263033882,2671745.0642699166,TRUE
14730030,Beilrode,93148533.26990643,93148526.84025654,0.9999999309742229,2899540.1935080276,TRUE
15089165,"Güsten, Stadt",36360785.02522749,36360785.198254585,1.0000000047586184,2806351.230686508,TRUE
03357057,"Zeven, Stadt",74120976.34546544,74120970.72223546,0.9999999241344318,6520542.374321447,TRUE
15090500,Schönhausen (Elbe),74523897.2219562,74523890.12402162,0.9999999047562615,2822039.8641803074,TRUE
14522600,Zettlitz,15598454.523824403,15598453.215342056,0.999999916114616,510829.0615011554,TRUE
12067144,"Fürstenwalde/Spree, Stadt",70458420.99858637,70458421.77251856,1.0000000109842397,13688894.805373281,TRUE
12066292,Schwarzbach,15969908.435105272,15969906.814905185,0.999999898546689,525629.7300062405,TRUE
12066296,"Schwarzheide, Stadt",33484501.921923313,33484498.771774232,0.9999999059221759,6470765.93231004,TRUE
14729050,"Borna, Stadt",62770550.9293797,62770545.743432015,0.999999917382473,7553442.4601351125,TRUE
15089185,Ilberstedt,14814024.857570589,14814023.582453925,0.9999999139250355,1377858.7616734752,TRUE
09464000,Hof,58159802.17442,58159798.05833855,0.99999992922807,14907142.772512414,TRUE
12067137,"Friedland, Stadt",173927029.87384102,173927006.56876767,0.9999998660066042,5533584.846086477,TRUE
15086005,Biederitz,39884265.67343944,39884262.25332238,0.999999914248965,5097910.087780311,TRUE
15090520,"Seehausen (Altmark), Hansestadt",107489946.01460363,107489937.70768358,0.9999999227190973,3376168.651089465,TRUE
12068409,Sieversdorf-Hohenofen,20001702.714482628,20001701.278525084,0.9999999282082349,678218.120368084,TRUE
14729040,"Böhlen, Stadt",24279776.20607169,24279776.50366412,1.000000012256803,2713210.8568083146,TRUE
14627140,"Meißen, Stadt",31094028.19220099,31094026.196468737,0.9999999358162204,7656399.567891903,TRUE
15089175,"Hecklingen, Stadt",96113256.6418512,96113249.3664429,0.9999999243038,4526736.395616358,TRUE
16073111,Unterwellenborn,62681750.09147692,62681745.161250636,0.9999999213451081,5796187.541739324,TRUE
15003000,"Magdeburg, Landeshauptstadt",201018773.48051253,201018763.72312224,0.9999999514603033,65645602.13045991,TRUE
12063112,Großderschau,20152970.815314863,20152968.860174835,0.9999999029850216,437020.64864448865,TRUE
12068426,Temnitztal,52388044.79760392,52388038.51924248,0.9999998801565994,905317.3955634815,TRUE
15090546,"Tangerhütte, Stadt",296919822.19086444,296919807.8496731,0.9999999517001215,9390533.516758919,TRUE
16073107,Drognitz,24042613.719333693,24042611.87515683,0.9999999232954917,455776.72073743504,TRUE
12063142,Wiesenaue,46823851.7462635,46823850.09459838,0.9999999647259878,589547.9671020395,TRUE
16073109,Uhlstädt-Kirchhasel,121721914.60138051,121721905.02949403,0.999999921362669,3311102.306783798,TRUE
01053082,Lanze,9046360.492095219,9046359.82066049,0.9999999257784687,237793.0669636079,TRUE
15086015,"Burg, Stadt",165703102.26622188,165703087.5059357,0.9999999109232961,13867165.979021732,TRUE
01053083,"Lauenburg/ Elbe, Stadt",9473087.371422347,9473086.626031974,0.999999921314948,3153808.5134261483,TRUE
15090535,"Stendal, Hansestadt",269462495.3888004,269462480.756284,0.9999999456973915,19116337.715040192,TRUE
12070296,"Perleberg, Stadt",138611863.48450723,138611851.65443352,0.999999914653238,6526311.351953978,TRUE
12063134,Havelaue,74758824.52852358,74758815.1584097,0.9999998746621026,957734.6286005919,TRUE
14729410,"Wurzen, Stadt",68904782.65983589,68904775.51906757,0.9999998963675953,6471912.586508544,TRUE
15088205,"Leuna, Stadt",87575956.8633864,87575956.36933874,0.9999999943586382,12895751.078819007,TRUE
09475113,Berg,38725423.26473027,38725420.24179948,0.9999999219393739,2328083.0077057476,TRUE
12068425,Temnitzquell,65772265.33243796,65772259.528384365,0.99999991175530345,1089636.6390766439,TRUE
14628030,"Bad Schandau, Stadt",47575954.03250562,47575951.240543045,0.9999999413156787,1877368.6977477658,TRUE
12063161,Kleßen-Görne,42034805.316336,42034802.36066478,0.9999999296851455,479880.50300976954,TRUE
12063165,Kotzen,42652975.11214483,42652971.422841445,0.9999999135041958,418454.42435211566,TRUE
15085160,Hedersleben,16506132.18345818,16506130.57775068,0.9999999027205476,864653.930973994,TRUE
14729400,"Trebsen/Mulde, Stadt",35128271.65493477,35128269.2292484,0.999999930947745,2936887.154630484,TRUE
12063148,"Ketzin/Havel, Stadt",93820295.34505205,93820289.43064825,0.9999999369602944,5150918.748593297,TRUE
14627180,"Nossen, Stadt",125065438.57873732,125065427.75045675,0.9999999134190813,6515671.230268211,TRUE
15086055,"Gommern, Stadt",161540672.78815773,161540658.96044108,0.9999999144010211,7295642.93490604,TRUE
16055000,"Weimar, Stadt",84361516.43843871,84361510.17540786,0.9999999257596222,14619514.82918215,TRUE
15086035,Elbe-Parey,109148903.85004216,109148896.21158266,0.9999999300179916,5982375.873181684,TRUE
15090550,"Tangermünde, Stadt",90702433.41936386,90702432.23217373,0.9999999869111545,5637579.001527609,TRUE
15087370,"Sangerhausen, Stadt",209603210.59667584,209603193.914496,0.9999999204106664,11326139.838507194,TRUE
14729430,"Zwenkau, Stadt",46335205.98426499,46335202.62071555,0.9999999274083416,5819924.473442636,TRUE
14627170,Niederau,35325355.16502155,35325353.023725055,0.9999999393835819,2388383.5640895977,TRUE
12071164,Guhrow/Góry,6620421.717200182,6620420.925274135,0.9999998803813289,426084.45542919595,TRUE
15086040,"Genthin, Stadt",232268909.9508632,232268889.3859196,0.9999999114606272,10558281.290175129,TRUE
12069306,Kloster Lehnin,200769111.67734593,200769093.571937,0.9999999098197487,11995720.986231754,TRUE
12063189,Milower Land,161256027.7821242,161256017.00268447,0.9999999331532603,4654334.666832171,TRUE
15085185,Huy,167813515.06416866,167813526.49619853,1.0000000681234158,4440340.795457849,TRUE
13076125,Siggelkow,55487195.23733455,55487191.148235284,0.9999999263055332,840558.8198269099,TRUE
15088216,"Wettin-Löbejün, Stadt",127642665.1090132,127642653.60814635,0.9999999098979417,6642468.86416964,TRUE
13076126,Spornitz,48802932.30143054,48802933.00418959,1.000000014399935,1261473.1735971505,TRUE
12071176,Heinersbrück/Móst,23970834.871251676,23970833.05420977,0.9999999241978047,3024055.728367232,TRUE
12068477,Wusterhausen/Dosse,196289929.00477478,196289915.09644637,0.9999999291439531,3990767.949908922,TRUE
12062282,Kremitzaue,23528158.618049905,23528155.603856005,0.9999998718899362,830723.7991768058,TRUE
12065332,"Velten, Stadt",23470109.75540065,23470108.56383423,0.999999949230471,5814308.094651407,TRUE
03357002,Alfstedt,16152553.550537793,16152552.395211367,0.9999999284740693,480391.8732167268,TRUE
03357008,"Bremervörde, Stadt",150057771.67569086,150057760.31555527,0.9999999242949201,8632225.001075268,TRUE
15088220,"Merseburg, Stadt",54385515.68496072,54385505.408210695,0.999999811038842,12185985.665578539,TRUE
14627190,Nünchritz,31084483.068673503,31084474.78451812,0.9999997334954753,3200122.411776028,TRUE
13076114,"Plau am See, Stadt",91956026.41342653,91956018.77294394,0.9999999169115621,2820187.2129134852,TRUE
13076119,Redefin,17814773.748014547,17814772.19521436,0.999999912836379,486292.17760571145,TRUE
12068468,"Wittstock/Dosse, Stadt",420184423.5675286,420184383.4009555,0.9999999044072773,12242438.33589082,TRUE
14522580,Wechselburg,25770643.411619272,25770641.632360045,0.9999999309579044,857255.4026035346,TRUE
16077001,"Altenburg, Stadt",45960973.49719677,45960970.12021541,0.9999999265250253,8353885.683586158,TRUE
13076120,Rom,33735394.338885725,33735391.79674864,0.9999999246448089,646800.421325019,TRUE
13076122,Schwanheide,26640267.53050484,26640263.861253187,0.9999998622667114,909522.6404750916,TRUE
12065356,"Zehdenick, Stadt",223265787.9055745,223265768.72274256,0.9999999140807371,8035420.315558926,TRUE
14522570,"Waldheim, Stadt",41670621.90606854,41670617.89037441,0.9999999036324886,3043678.988477176,TRUE
13076151,Werder,17631630.656364936,17631628.557526685,0.9999998809617617,313455.2364717014,TRUE
14523450,Weischlitz,121880868.24476129,121880859.00928532,0.9999999242253841,3674433.0655604303,TRUE
13076156,Wöbbelin,23502729.249857984,23502728.479473405,0.9999999672214843,1430617.867243783,TRUE
01053006,Basedow,7518809.0585793,7518808.852948119,0.9999999726510969,301637.4352538971,TRUE
13076136,Teldau,27741130.309592776,27741128.477297433,0.9999999339502276,515317.09165176837,TRUE
13076138,Tessin b. Boizenburg,10313556.382227868,10313555.87475998,0.999999950796033,331980.4250130386,TRUE
15091391,"Zahna-Elster, Stadt",149527206.48905957,149527196.29960498,0.9999999318555143,7006121.711287381,TRUE
03357016,Gnarrenburg,33355563.590279818,33355560.94363988,0.9999999206537185,677306.8210858449,TRUE
16077005,Fockendorf,8813841.266250268,8813840.241797704,0.9999998837677543,349390.4364985066,TRUE
13076140,Tramm,35769883.61430177,35769879.078083314,0.999999873183304,508423.64891244494,TRUE
01053012,Börnsen,8323247.9952027835,8323247.174415936,0.9999999013862318,1229624.3917457585,TRUE
16077007,Gerstenberg,3130063.582297057,3130063.2253229963,0.9999998859530961,248213.69484298988,TRUE
13076143,Vielank,77457279.16853677,77457269.67012307,0.9999998773722264,1416371.4866718927,TRUE
13076145,Warlitz,23683775.80438105,23683774.43106226,0.9999999420143645,240059.05596123516,TRUE
16051000,"Erfurt, Stadt",241348282.88698152,241348263.33606562,0.9999999189929356,52686501.35659377,TRUE
14524320,"Wilkau-Haßlau, Stadt",12668383.846201928,12668382.849277522,0.9999999213061099,2968138.4561139457,TRUE
03357040,Sandbostel,30737529.208471734,30737526.901199967,0.9999999249363294,549739.5181569164,TRUE
03357042,Seedorf,18721597.482909456,18721596.015763223,0.9999999216334913,1066881.3081994657,TRUE
03357043,Selsingen,42107513.638081975,42107510.73569768,0.9999999310720571,1701353.9049764788,TRUE
16077036,Nobitz,100691309.62339707,100691301.66618592,0.9999999209742014,5253279.232683489,TRUE
01053028,Escheburg,8667299.006766826,8667298.41671088,0.9999999319215888,759357.2696104,TRUE
14524310,"Wildenfels, Stadt",20931131.795171846,20931129.91177806,0.9999999100194961,1481655.638284219,TRUE
12061332,"Mittenwalde, Stadt",99277275.31391412,99277274.59195262,0.9999999927278272,7939913.044737448,TRUE
16062064,"Heringen/Helme, Stadt",66732736.770867296,66732730.59414154,0.9999999074408447,3072247.042782918,TRUE
03357035,Oerel,27978923.62866462,27978921.473969012,0.9999999229886168,1024379.3375946706,TRUE
14522140,"Flöha, Stadt",27896816.657037135,27896815.19200215,0.9999999474837935,2791632.2181773465,TRUE
03357036,Ostereistedt,18873039.267651223,18873037.98446666,0.9999999320096491,509994.82174997544,TRUE
03357038,Rhade,1235019.7513691783,1235019.5969989917,0.9999998750058965,0,FALSE
01053032,"Geesthacht, Stadt",33166528.39905428,33166526.05849601,0.9999999294301096,8037386.466090243,TRUE
13076161,Zierzow,13267872.350943137,13267872.843517886,1.0000000371253759,412461.84398311103,TRUE
12070241,Legde/Quitzöbel,41811787.22891896,41811782.87113347,0.9999998957761488,814921.2260436228,TRUE
12070244,"Lenzen (Elbe), Stadt",96087887.33604792,96087886.65604559,0.9999999929231213,1722875.6386543422,TRUE
12070246,Lenzerwische,42138166.86486375,42138157.584054805,0.9999997797529024,536331.8294078622,TRUE
01053019,Buchhorst,5376219.315804567,5376219.029509773,0.9999999467479324,297140.8469916887,TRUE
14521240,Großolbersdorf,22648437.573776744,22648435.196223628,0.999999895023526,782163.1017740322,TRUE
14627100,Klipphausen,112165620.41948241,112165612.50911728,0.9999999294760274,5467541.159495639,TRUE
12061328,"Märkisch Buchholz, Stadt",24895912.51925869,24895910.29196955,0.9999999105359509,654849.1609296063,TRUE
12061329,Märkische Heide/Markojska Góla,211631697.49474183,211631680.35723773,0.9999999190220354,6475222.494954861,TRUE
01053022,Dalldorf,6091500.118137796,6091499.565726685,0.999999909314438,177627.85800073572,TRUE
12070236,Lanz,60773848.41250971,60773842.07743362,0.9999998957598334,704081.6276038613,TRUE
14524330,"Zwickau, Stadt, Hochschulstadt",103437954.65459195,103437947.22271006,0.9999999281513066,26767004.86984052,TRUE
14521270,Grünhainichen,28825006.223667078,28825004.230793037,0.9999999308630144,1108284.7908259009,TRUE
15083361,Loitsche-Heinrichsberg,31180691.52007647,31180689.370745286,0.999999931068521,1635019.2469214122,TRUE
12072426,"Trebbin, Stadt",126646637.57879107,126646627.2773439,0.9999999186599237,7404683.3091808185,TRUE
16077048,Treben,9984291.578837022,9984291.33446159,0.9999999755240089,709580.5593809428,TRUE
15084246,Kaiserpfalz,41121021.83514975,41121018.53548441,0.9999999197572144,1253720.759532265,TRUE
15090070,"Bismark (Altmark), Stadt",290863995.2531948,290863973.09376967,0.9999999238151662,7363956.619012933,TRUE
12061344,Münchehofe,62322492.06522357,62322483.973108985,0.9999998701573972,865649.6574144836,TRUE
14522150,"Frankenberg/Sa., Stadt, Garnisonsstadt",65455851.24600865,65455846.123692684,0.9999999217439561,4524876.638245426,TRUE
16077052,Windischleuba,20466611.334667806,20466610.9096027,0.9999999792312906,1150262.3344447187,TRUE
15084250,Karsdorf,19994411.51054447,19994410.430098034,0.9999999459625788,2315874.8225958957,TRUE
12062224,"Herzberg (Elster), Stadt",149281447.44662365,149281441.05661765,0.9999999571949085,7166312.017180414,TRUE
14626600,"Weißwasser/O.L., Stadt / Běła Woda",48900317.58339151,48900313.81841871,0.9999999230071913,10096046.87723044,TRUE
12062232,Hirschfeld,20295904.260806426,20295901.57095479,0.9999998674682535,792720.336594185,TRUE
14522500,Rossau,53672509.07844549,53672504.63998572,0.9999999173047833,2037787.5539518832,TRUE
12067040,Berkenbrück,18024594.209994256,18024592.601438995,0.9999999107577545,844890.6642063125,TRUE
15083390,Niedere Börde,78194040.25025055,78194033.47661574,0.9999999133740272,5008095.238005716,TRUE
12066196,"Lübbenau/Spreewald / Lubnjow/Błota, Stadt",139189489.34768623,139189476.55496302,0.999999908091313,11117416.996859489,TRUE
12067036,"Beeskow, Stadt",77812397.9449349,77812394.02496816,0.9999999496228513,5596490.804878201,TRUE
15085135,"Halberstadt, Stadt",143131048.01688698,143131035.1129563,0.9999999098453419,15021266.91838647,TRUE
15084285,"Laucha an der Unstrut, Stadt",31291212.558839347,31291210.250327233,0.9999999262249071,2043077.7137181985,TRUE
15089075,"Egeln, Stadt",29294178.795537453,29294176.402881835,0.9999999183231715,2210187.3488213387,TRUE
12062240,Hohenleipisch,34973457.18011927,34973456.11158244,0.9999999694472063,1439913.7791597568,TRUE
14522510,"Roßwein, Stadt",44548404.68439212,44548401.624589294,0.9999999313150977,2959357.808121305,TRUE
15084275,Kretzschau,27862618.456292495,27862616.809846364,0.9999999409084206,1696048.9894304809,TRUE
15082430,"Zerbst/Anhalt, Stadt",470839918.7841749,470839881.2360835,0.9999999202529567,15593278.032142611,TRUE
14522540,Striegistal,76962481.08636077,76962475.37994003,0.9999999258545118,2882416.7838001917,TRUE
14625310,"Lauta, Stadt",41960731.07325869,41960727.01512309,0.9999999032872999,6096159.030153213,TRUE
13076103,Neu Kaliß,34299896.21217859,34299888.27576166,0.999999768616882,1250963.1301661544,TRUE
13076105,"Neustadt-Glewe, Stadt",94120169.25796624,94120159.03951006,0.9999998914318126,4294340.9754681755,TRUE
13076106,Nostorf,20000266.336888574,20000264.605438486,0.9999999134286485,410621.480533099,TRUE
13076108,"Parchim, Stadt",124833912.4515789,124833904.20684871,0.9999999339544037,8630121.885169934,TRUE
13076109,Passow,22318516.392514024,22318515.23790325,0.9999999482666878,380323.46195133845,TRUE
16073035,Hohenwarte,6515659.72345036,6515659.302706137,0.9999999354256912,144690.91493872568,TRUE
14522530,Seelitz,31460334.55955229,31460331.88528204,0.9999999149954923,873087.2655620566,TRUE
16073038,Kaulsdorf,21969899.448903985,21969897.859809175,0.9999999276694546,1112737.9128603726,TRUE
14625340,Malschwitz / Malešecy,93169666.46311207,93169659.20838656,0.9999999221342547,4344568.901935819,TRUE
12067072,Briesen (Mark),110984390.24397585,110984372.85079172,0.9999998432826086,2947932.9898361103,TRUE
14521670,"Wolkenstein, Stadt",30058200.658077806,30058198.64693947,0.9999999330918588,1153635.2667114756,TRUE
16062008,Görsbach,7956821.949945353,7956821.391855787,0.999999929860242,517379.9749897867,TRUE
01060063,"Norderstedt, Stadt",58688458.514370754,58688453.8687091,0.9999999208419889,16249915.31206657,TRUE
14625330,Lohsa / Łaz,134452282.92635557,134452273.93176928,0.9999999331020188,7360187.8416315345,TRUE
13076100,Muchow,19385905.8617697,19385904.78740062,0.9999999445798877,213272.45793767204,TRUE
13076102,Neu Gülze,13037220.522105385,13037219.925341735,0.9999999542261597,491781.4708023248,TRUE
15082005,"Aken (Elbe), Stadt",59797095.64924925,59797091.34790228,0.9999999280676274,4079975.4318161616,TRUE
01056042,Raa-Besenbek,12680443.623905033,12680442.881268349,0.9999999414344871,349494.37443799037,TRUE
01056045,Seestermühe,18131697.570214853,18131696.21982421,0.9999999255232094,403306.5104385018,TRUE
01056049,"Uetersen, Stadt",11394260.212415596,11394259.351447972,0.9999999244384796,4536457.450941083,TRUE
01056029,Klein Nordende,10938633.548486909,10938632.7068634,0.9999999230595389,1049243.4502280967,TRUE
14521690,"Zschopau, Stadt, Motorradstadt",22953148.872474514,22953147.767020244,0.999999951838666,2111028.703498658,TRUE
15090485,Schollene,65600841.33075301,65600840.34329874,0.9999999849475365,2460906.1825374216,TRUE
15090003,Aland,92858614.22368714,92858608.36911592,0.9999999369517705,1292943.0787704429,TRUE
01056033,Seester,11794495.023722433,11794493.996573009,0.9999999129128104,409028.25884779287,TRUE
15090007,Altmärkische Höhe,99826543.43260105,99826532.68119435,0.9999998922991188,2076760.0794060705,TRUE
15090008,Altmärkische Wische,67536344.79572779,67536341.90623283,0.9999999572157041,694940.4202562704,TRUE
15091375,"Wittenberg, Lutherstadt",241891947.94551182,241891930.9306204,0.9999999296591244,21543580.480306156,TRUE
01056036,Moorrege,10968219.25797059,10968218.379759327,0.9999999199312812,1734624.7389981737,TRUE
01056037,Neuendeich,8692777.980512053,8692777.279623585,0.9999999193711757,298498.4254873415,TRUE
12063088,"Friesack, Stadt",84486850.61611748,84486843.61139773,0.9999999170910064,1674170.7645707726,TRUE
01056038,Osterhorn,6379190.011986988,6379189.322808051,0.9999998919645071,302511.9144861771,TRUE
14730360,Zschepplin,68292990.34418927,68292987.11509044,0.9999999527169801,1867846.953340684,TRUE
16073076,"Rudolstadt, Stadt",135170794.66884643,135170783.89512455,0.9999999202954906,10165085.600725899,TRUE
16073077,"Saalfeld/Saale, Stadt",145629313.06071982,145629302.6290357,0.9999999283682393,10855129.741206069,TRUE
12069696,"Ziesar, Stadt",68034819.05348706,68034813.56208344,0.9999999192853939,3357825.5462250398,TRUE
12069216,Golzow,40204631.36360527,40204631.85772283,1.0000000122900656,1234614.3459387515,TRUE
14729350,"Pegau, Stadt",48700435.38761976,48700433.196649425,0.9999999550112783,3310139.5653576106,TRUE
15082015,"Bitterfeld-Wolfen, Stadt",86398856.20376734,86398850.84977074,0.9999999380316263,20762896.587108217,TRUE
15083320,Hötensleben,60801332.43739974,60801327.38155691,0.9999999168465127,2094568.3891319996,TRUE
12061316,"Lübben (Spreewald) / Lubin (Błota), Stadt",120813388.55694766,120813382.7573908,0.9999999519957438,8516186.787814628,TRUE
01056050,"Wedel, Stadt",28241022.934794217,28241021.073589988,0.9999999340957219,6827163.796853245,TRUE
01056051,Westerhorn,9403788.53334251,9403787.865922024,0.9999999290264255,575173.9050075604,TRUE
12069249,Groß Kreutz (Havel),99446262.16933209,99446255.92782599,0.9999999372373988,5806153.23308754,TRUE
15084207,Gutenborn,34099759.531701475,34099756.54210794,0.9999999123280171,1236037.4449443023,TRUE
15089015,"Aschersleben, Stadt",157054423.12361467,157054410.8310983,0.9999999217308488,12773263.602678392,TRUE
14521220,Gornau/Erzgeb.,19731806.459987193,19731805.145493444,0.99999993338198645,1226166.0320625473,TRUE
12065256,"Oranienburg, Stadt",164113309.7863897,164113301.3927484,0.9999999488545973,20037714.745696377,TRUE
15090010,"Arneburg, Stadt",31229038.757685706,31229036.31935729,0.9999999219211185,2257389.2241719286,TRUE
12063094,Gollenberg,30284078.135689057,30284076.570871044,0.9999999483286892,431230.08686541324,TRUE
14729370,"Rötha, Stadt",46108371.65275701,46108367.797992535,0.9999999163977313,3632002.2467508907,TRUE
15089005,"Alsleben (Saale), Stadt",23865976.499053866,23865975.670076933,0.9999999652653252,1634169.1244783155,TRUE
03353023,Marschacht,26217427.04059223,26217425.552990768,0.9999999432590597,1828951.2476395264,TRUE
03353026,Neu Wulmstorf,56214138.064261325,56214134.13948759,0.9999999301817324,6580823.0063298475,TRUE
03353007,Drage,30426177.56255212,30426175.341496676,0.9999999270018247,1845336.4387915048,TRUE
12052000,"Cottbus/Chóśebuz, Stadt",165033343.77745104,165033332.6032593,0.9999999322913086,41884457.977444835,TRUE
14729360,"Regis-Breitingen, Stadt",26413852.589497704,26413850.515784856,0.9999999214914659,4095362.045421904,TRUE
15089041,Bördeaue,25625856.223561212,25625853.944923252,0.9999999110805141,1570923.8992416013,TRUE
15089042,Bördeland,92589396.21778189,92589390.32450177,0.9999999363503774,4583189.472868559,TRUE
15089043,Börde-Hakel,39050696.80558405,39050695.036213614,0.999999954690426,2009036.7935452163,TRUE
03353040,"Winsen (Luhe), Stadt",110102487.40096177,110102478.66422977,0.9999999206490952,13169522.05987704,TRUE
15089026,"Barby, Stadt",154068531.47643584,154068521.39322484,0.999999934553728,7144594.669335045,TRUE
14729380,Thallwitz,52846176.25461788,52846172.75118387,0.9999999337050614,2465612.3680666233,TRUE
12067024,Bad Saarow,50191505.692928255,50191502.23102191,0.9999999310260512,3089245.910098183,TRUE
15089030,"Bernburg (Saale), Stadt",114041858.67608124,114041850.88051468,0.9999999316429367,16506965.567242937,TRUE
03353031,Seevetal,105567154.45821893,105567146.15407524,0.9999999213378087,15187847.140762672,TRUE
03353032,Stelle,38517989.7299618,38517986.793171935,0.9999999237553703,5205959.840303559,TRUE
03353033,Tespe,24913541.730306573,24913539.883621465,0.9999999258762512,1973327.6342903867,TRUE
12069270,"Havelsee, Stadt",82086481.8986311,82086474.80127394,0.9999999135380517,2926221.5361988638,TRUE
03154007,Grafhorst,52106.05434862879,52106.030021552135,0.9999995331237999,538.9904370148189,TRUE
13076090,"Ludwigslust, Stadt",78687879.15499775,78687872.89418146,0.999999920434807,6578916.18247539,TRUE
12066176,"Lauchhammer, Stadt",89197406.67839389,89197407.1837377,1.000000005665454,12597505.402145807,TRUE
13076093,Malk Göhren,22567596.876604214,22567599.21973773,1.0000001038273383,400550.4307598674,TRUE
13076094,Malliß,25198896.813759897,25198895.872878913,0.9999999626618185,764663.2995394043,TRUE
13076097,Milow,33811313.7109227,33811311.40376401,0.9999999317637075,420948.35480423836,TRUE
03154012,Jerxheim,17113326.613570314,17113320.0119825,0.9999996142428669,543265.4298235163,TRUE
13076085,Lewitzrand,46857704.728255644,46857703.70439154,0.9999999781495037,1142262.8081204682,TRUE
13076088,"Lübtheen, Stadt",120367065.3655023,120367054.32437184,0.9999999082711669,3253280.6953232083,TRUE
13076089,"Lübz, Stadt",74797832.45730919,74797826.28483556,0.9999999174779078,3237010.404460364,TRUE
15089055,"Calbe (Saale), Stadt",57420301.14727775,57420300.15307301,0.9999999826854837,5159804.724866046,TRUE
14524260,Remse,14375544.98128356,14375544.040302923,0.999999934542959,762092.2551684619,TRUE
16065016,Etzleben,6169882.453137882,6169882.012497772,0.9999999285820901,222261.7750966377,TRUE
14627020,Diera-Zehren,43320921.144797385,43320918.5409098,0.9999999398930697,2015519.3600516915,TRUE
03154027,Söllingen,39390229.009005845,39390230.72947709,1.0000000436776149,969235.3812187575,TRUE
16065019,Gehofen,13550800.709014917,13550799.466289867,0.9999999082913935,368101.83279621165,TRUE
12067426,Rietz-Neuendorf,184259440.4070344,184259429.4005008,0.9999999402661076,4185423.2076836377,TRUE
16065003,"Bad Frankenhausen/Kyffhäuser, Stadt",91131990.57951656,91131984.93701303,0.9999999380842721,4177858.0345301847,TRUE
14627010,"Coswig, Stadt",26082066.563283574,26082063.984496206,0.9999999011279508,7406246.776735008,TRUE
14628370,"Stadt Wehlen, Stadt",10953008.269825544,10953007.75478816,0.9999999529775409,657301.4086170066,TRUE
14627040,Glaubitz,14238335.024330487,14238333.952986753,0.9999999247563895,1377581.1228301898,TRUE
14522060,"Burgstädt, Stadt",25816541.498629928,25816539.527886655,0.9999999236635444,3531266.9288539365,TRUE
15090415,"Osterburg (Altmark), Hansestadt",231313915.1928002,231313898.7365858,0.9999999288576549,6921943.533566484,TRUE
16065042,Kalbsrieth,11984376.590546284,11984375.470878977,0.9999999065727534,476070.8326092077,TRUE
14627030,Ebersbach,84119063.83011734,84119055.5150992,0.9999999011517988,3198815.210683402,TRUE
15090445,"Sandau (Elbe), Stadt",18430084.693683956,18430084.32401466,0.9999999799420729,775718.5387185281,TRUE
16073002,Altenbeuthen,8067650.082100825,8067649.584619139,0.9999999383362341,111021.80060206194,TRUE
12069648,Wenzlow,20695667.47787179,20695665.866792355,0.9999999221537823,1157100.1350457387,TRUE
01056019,Haselau,13858594.472800285,13858593.320533415,0.9999999168554307,549331.2407689659,TRUE
16065056,Reinsdorf,11333050.860904051,11333049.88408687,0.9999999138081005,646566.5415231668,TRUE
14627060,"Großenhain, Stadt",130209174.83846565,130209169.48399428,0.9999999588779256,9278621.218523588,TRUE
15087250,"Kelbra (Kyffhäuser), Stadt",40632910.13888796,40632906.86131207,0.9999999193369149,1776183.7622618536,TRUE
14522080,"Döbeln, Stadt",91116940.19676939,91116931.63129905,0.9999999059947544,8535097.315587651,TRUE
15090435,Rochau,39084353.102531835,39084349.237220794,0.999999901103364,1024072.312967427,TRUE
01056020,Haseldorf,17828832.385785304,17828830.913621895,0.9999999174279405,710095.7940552327,TRUE
12069656,"Werder (Havel), Stadt",117130774.79027082,117130768.60834493,0.9999999472220182,12876015.586986225,TRUE
01056024,Heist,10026421.897521911,10026421.214330167,0.9999999318608621,1133445.107100175,TRUE
12067481,"Storkow (Mark), Stadt",180338238.61256295,180338224.01246992,0.9999999190405033,8584233.871632235,TRUE
01056027,Hetlingen,16612298.931134848,16612297.79876351,0.9999999318353623,661940.8691891835,TRUE
01056028,Holm,15990597.672439087,15990595.918751158,0.9999998903300573,1574141.0957207861,TRUE
12067469,Spreenhagen,137473932.05312648,137473903.59752977,0.9999997930109636,5927706.008122797,TRUE
14524290,"Waldenburg, Stadt",25063423.343906555,25063421.60492637,0.9999999306168131,1318565.386844151,TRUE
14730310,"Torgau, Stadt",102741517.65618962,102741509.6673391,0.9999999222432109,9000956.996830577,TRUE
12071041,Dissen-Striesow/Dešno-Strjažow,19863200.660959322,19863199.458190557,0.9999999394473839,732190.9310624629,TRUE
12068320,"Neuruppin, Stadt",305680186.48266315,305680179.4995602,0.9999999771555264,11669880.738574138,TRUE
16065046,Mönchpfiffel-Nikolausrieth,9269989.80810026,9269988.88484849,0.9999999004042303,293538.55760900147,TRUE
14627050,"Gröditz, Stadt",28997236.141261104,28997233.76756526,0.9999999181406176,3371906.2135769324,TRUE
12068324,"Neustadt (Dosse), Stadt",75627981.3532384,75627976.77808897,0.9999999395045411,2704466.6724089007,TRUE
12071028,Briesen/Brjazyna,9142512.960644592,9142511.986755498,0.9999998934768703,535472.9904619118,TRUE
12069688,Wusterwitz,23852924.387744553,23852921.500162438,0.9999998789422182,1790657.511737076,TRUE
01056015,"Elmshorn, Stadt",21718470.939397104,21718469.456623778,0.9999999317275452,11153470.405424003,TRUE
01056016,Groß Nordende,5340428.20831366,5340427.842938299,0.9999999315831342,272257.3887911661,TRUE
12067473,Steinhöfel,153395425.46443844,153395438.68213603,1.0000000861674823,3618528.9212822607,TRUE
12071032,Burg (Spreewald)/Bórkowy (Błota),35288449.01002996,35288446.60381438,0.9999999318129403,2377087.8042055825,TRUE
13076006,Barkhagen,22044581.137293838,22044579.258806743,0.9999999147869001,371390.0825654762,TRUE
13076008,Belsch,22631814.510336816,22631814.131184954,0.9999999832469526,1006758.2528634366,TRUE
13076009,Bengerstorf,33063980.395675026,33063977.854956243,0.999999923157504,333520.04686121736,TRUE
12067408,Rauen,21598525.338808782,21598543.432859983,1.0000008377447496,1190861.9264099048,TRUE
14625240,"Hoyerswerda / Wojerecy, Stadt",95728949.39585815,95728941.4966858,0.9999999174839753,15368793.108486773,TRUE
13076010,Besitz,22197014.305509947,22197012.330146234,0.9999999110076839,257658.56047938892,TRUE
16065085,Kyffhäuserland,129150645.2294905,129150636.12565191,0.9999999295099256,2339687.453677756,TRUE
16065086,"Artern, Stadt",44877102.87300427,44877099.58482885,0.9999999267293295,3755980.0446661687,TRUE
13076012,Blievenstorf,21448707.126069747,21448705.117637787,0.9999999063611644,454892.1603922445,TRUE
12071060,Drehnow/Drjenow,10941280.874853594,10941280.453069907,0.9999999614502458,647827.9603365272,TRUE
16065087,"Roßleben-Wiehe, Stadt",72961945.2059014,72961939.98473658,0.99999992843989,4399008.143382216,TRUE
16065088,"An der Schmücke, Stadt",95033858.16494577,95033849.21631177,0.9999999058374124,4289125.967790859,TRUE
13076014,"Boizenburg/ Elbe, Stadt",47261339.452733055,47261335.832070254,0.9999999233906012,4132889.147228025,TRUE
14627070,Hirschstein,34709591.61562421,34709590.51796262,0.9999999683758425,1257872.0502089527,TRUE
14713000,"Leipzig, Stadt",298922250.8306755,298922230.0332498,0.9999999304253008,109980896.22957335,TRUE
12062196,Gröden,22364891.756251942,22364887.88874795,0.999999827072537,1178990.2446452288,TRUE
14522460,"Penig, Stadt",63554570.2485366,63554565.792163774,0.9999999298811587,4857616.2132144775,TRUE
14729320,Neukieritzsch,57174850.99613302,57174845.05427744,0.9999998960757138,6890813.262867744,TRUE
12067493,Tauche,121681826.17341477,121681813.25467823,0.9999998938318323,3493676.0366703095,TRUE
12071052,Drachhausen/Hochoza,38206293.47381318,38206334.553613394,1.0000010752102986,1497290.8664022237,TRUE
16076012,Caaschwitz,4096695.059117049,4096694.945106205,0.9999999721700439,686975.1581044734,TRUE
13076030,Dersenow,22453055.812532347,22453054.249973632,0.9999999304077481,387539.1716986262,TRUE
14523330,Pöhl,36637247.12238823,36637244.21281972,0.9999999205844123,1591966.3252876708,TRUE
13076034,"Dömitz, Stadt",60510885.16061312,60510878.5844641,0.9999998913228753,2133419.10601011,TRUE
13076016,Brahlstorf,21903744.877673864,21903743.143238526,0.9999999208155798,678131.4113896416,TRUE
13076017,Brenz,12655093.82326901,12655091.953886427,0.9999998522822028,710611.1821320843,TRUE
13076018,Bresegard bei Eldena,11145835.110949654,11145834.206400283,0.9999999188441815,231243.55957629505,TRUE
01051103,Schmedeswurth,5892558.023501109,5892557.611107003,0.9999999300144173,193678.24904354807,TRUE
16076022,"Greiz, Stadt",84875542.84927861,84875534.47306922,0.9999999013118608,6898563.037144021,TRUE
13076019,Bresegard bei Picher,16585079.633916289,16585080.043833062,1.0000000247159968,283307.7028909197,TRUE
14522480,Reinsberg,48691974.840761214,48691970.508938655,0.9999999110362113,1264949.9650077827,TRUE
14523320,"Plauen, Stadt",101676934.79473805,101676927.15296425,0.9999999248426025,17684140.841171652,TRUE
13076049,Gorlosen,53238340.14113412,53238340.13823127,0.9999999999454744,544858.3239182231,TRUE
12071076,"Forst (Lausitz)/Baršć (Łužyca), Stadt",22690567.20805098,22690565.992894217,0.9999999464466114,1000999.1673239074,TRUE
12071412,Werben/Wjerbno,25048677.960904755,25048675.738854285,0.9999999112907088,1178709.6491272175,TRUE
14524200,Mülsen,49070386.86681686,49070383.424535714,0.9999999298501322,3781069.555101996,TRUE
16076039,Langenwetzendorf,58305263.8702406,58305258.003772885,0.9999998993835664,2499250.1828762093,TRUE
15085090,Ditfurt,23934830.607724182,23934828.736686632,0.999999921827834,1022418.2426532449,TRUE
13076050,"Grabow, Stadt",72342784.02963038,72342778.18723318,0.9999999192400835,3727187.302131307,TRUE
13076053,Grebs-Niendorf,31193807.47521011,31193804.572407994,0.9999999069430008,535722.5636348987,TRUE
01058172,Westerrönfeld,7737648.470862418,7737647.781450693,0.9999999109016482,1774538.6263075164,TRUE
14612000,"Dresden, Stadt",328093738.21001375,328093713.9175981,0.9999999259589173,105385893.68604857,TRUE
13076058,Groß Laasch,27469796.47469017,27469794.429827243,0.9999999255595895,1221967.3326943167,TRUE
13076037,Eldena,34256595.94915999,34256592.23130371,0.9999998914703526,1149934.0628925804,TRUE
12061217,Heidesee,136118729.30755383,136118726.25212172,0.9999999775531837,5723175.290031995,TRUE
14628310,"Rathen, Kurort",3734832.332335076,3734832.0209909435,0.9999999166377217,253157.34230399827,TRUE
13076040,Gallin-Kuppentin,18528960.128267925,18528958.864777137,0.9999999318099462,263613.33401633106,TRUE
12070125,Groß Pankow (Prignitz),250869220.52956736,250869199.49754775,0.9999999161634114,3544949.47498216,TRUE
13076046,Göhlen,34002005.49388504,34002004.356194325,0.999999966540482,604309.1751144798,TRUE
01051118,Trennewurth,2602865.7944192216,2602865.5456900615,0.9999999044402671,34832.65454770976,TRUE
01051119,Volsemenhusen,16230066.527724972,16230065.4543181,0.999999933863064,335636.9426904217,TRUE
15084590,"Zeitz, Stadt",87389709.97641104,87389702.80547664,0.9999999179430346,11111365.506689357,TRUE
14522490,"Rochlitz, Stadt",23560086.60058275,23560085.003630053,0.9999999322178766,2048359.9532257367,TRUE
