variable,PC,loading,abs_loading
q_HH1,PC1,-0.31871979695635405,0.31871979695635405
q_newfBGu15_bev,PC1,-0.3059785070846144,0.3059785070846144
m_Q07_HA_DIST,PC1,0.29254180596681517,0.29254180596681517
a_hh_kind,PC1,0.2908685476185458,0.2908685476185458
m_G02_SUP_DIST,PC1,0.28823303980710574,0.28823303980710574
m_Q01_APO_DIST,PC1,0.2844182291749556,0.2844182291749556
m_P01_PRIM_DIST,PC1,0.27270835114647873,0.27270835114647873
q_alo_u25_einw,PC1,-0.26097665766629646,0.26097665766629646
q_kaufkraft,PC2,-0.3842374335100172,0.3842374335100172
q_einkst_bev,PC2,-0.37941735654123904,0.37941735654123904
a_hheink_niedrig,PC2,-0.2988530436516284,0.2988530436516284
m_P01_PRIM_DIST,PC2,-0.2739465016984439,0.2739465016984439
a_bev65um,PC2,-0.2645235338097452,0.2645235338097452
m_Q01_APO_DIST,PC2,-0.2519666536931624,0.2519666536931624
m_OEV20_DIST,PC2,-0.24292602531251206,0.24292602531251206
a_bev_0006,PC2,0.24068081312213002,0.24068081312213002
q_svw,PC3,0.4775525370671548,0.4775525370671548
q_newfBGu15_bev,PC3,0.3339866992458547,0.3339866992458547
q_HH1,PC3,0.3153160479916515,0.3153160479916515
a_ALGII_SGBII,PC3,-0.31262868340872485,0.31262868340872485
a_Minijobs,PC3,0.3100877352776066,0.3100877352776066
a_hh_kind,PC3,-0.26308487196245833,0.26308487196245833
m_OEV20_DIST,PC3,0.25804572790809505,0.25804572790809505
m_Q07_HA_DIST,PC3,0.22373834275676646,0.22373834275676646
a_bev_0006,PC4,0.5534414751311045,0.5534414751311045
a_bev65um,PC4,-0.4184770883954857,0.4184770883954857
a_aloLang,PC4,0.38802751304519967,0.38802751304519967
a_hh_kind,PC4,0.2952256859074409,0.2952256859074409
q_alo_ü55_einw,PC4,0.23265920386817904,0.23265920386817904
q_alo_u25_einw,PC4,0.20651101236461047,0.20651101236461047
q_kaufkraft,PC4,0.19207926608281797,0.19207926608281797
a_bb_4G,PC4,-0.17043289495739594,0.17043289495739594
a_ewfBG_allein,PC5,-0.6091105645829346,0.6091105645829346
a_ALGII_SGBII,PC5,0.36872653601546135,0.36872653601546135
a_bb_50Mbits,PC5,-0.34847904999453777,0.34847904999453777
a_hheink_niedrig,PC5,-0.2895714340205959,0.2895714340205959
q_kaufkraft,PC5,-0.2568675818230891,0.2568675818230891
a_aloLang,PC5,0.24348043125699287,0.24348043125699287
q_alo_ü55_einw,PC5,0.21185425635191316,0.21185425635191316
q_einkst_bev,PC5,-0.16723409167815448,0.16723409167815448
a_hheink_niedrig,PC6,0.42337103929194725,0.42337103929194725
q_svw,PC6,0.4027448672055345,0.4027448672055345
a_Minijobs,PC6,0.3668570144390604,0.3668570144390604
a_aloLang,PC6,-0.3006793544269995,0.3006793544269995
q_ärzte_bev,PC6,0.275690661873321,0.275690661873321
q_kaufkraft,PC6,0.2623518417993799,0.2623518417993799
a_ewfBG_allein,PC6,-0.25125745885199796,0.25125745885199796
m_OEV20_DIST,PC6,-0.22858787674358855,0.22858787674358855
a_bb_4G,PC7,-0.8482050257070801,0.8482050257070801
a_bb_50Mbits,PC7,0.35856691328911905,0.35856691328911905
a_ewfBG_allein,PC7,-0.30540781935850925,0.30540781935850925
a_bev_0006,PC7,-0.12463019605492186,0.12463019605492186
m_G02_SUP_DIST,PC7,-0.08621377114573371,0.08621377114573371
q_svw,PC7,-0.07345483787594423,0.07345483787594423
m_Q01_APO_DIST,PC7,-0.07023793298142997,0.07023793298142997
q_einkst_bev,PC7,-0.0661353272087352,0.0661353272087352
a_bb_50Mbits,PC8,-0.7839041639768606,0.7839041639768606
a_bb_4G,PC8,-0.4071288603421831,0.4071288603421831
a_aloLang,PC8,-0.1861023734391722,0.1861023734391722
q_alo_ü55_einw,PC8,-0.17689933365665977,0.17689933365665977
m_G02_SUP_DIST,PC8,0.16056890642648833,0.16056890642648833
a_hheink_niedrig,PC8,0.1528687919771281,0.1528687919771281
a_ewfBG_allein,PC8,0.12327258000317873,0.12327258000317873
q_kaufkraft,PC8,0.1188965030059819,0.1188965030059819
a_ewfBG_allein,PC9,0.520889450811172,0.520889450811172
q_ärzte_bev,PC9,0.3609152812247109,0.3609152812247109
a_ALGII_SGBII,PC9,0.3586051271658341,0.3586051271658341
q_alo_u25_einw,PC9,0.2886190053315689,0.2886190053315689
a_hheink_niedrig,PC9,-0.2640614613210836,0.2640614613210836
q_svw,PC9,0.23812998659267365,0.23812998659267365
a_bev65um,PC9,0.23062671921052558,0.23062671921052558
q_alo_ü55_einw,PC9,0.18969134441454147,0.18969134441454147
a_aloLang,PC10,-0.5726700029402046,0.5726700029402046
q_ärzte_bev,PC10,-0.45000903356880056,0.45000903356880056
a_ALGII_SGBII,PC10,0.33751169714904844,0.33751169714904844
q_alo_u25_einw,PC10,0.31725377160460405,0.31725377160460405
q_svw,PC10,0.20751947739909313,0.20751947739909313
a_Minijobs,PC10,-0.1934525829874065,0.1934525829874065
a_hheink_niedrig,PC10,-0.17887260541338382,0.17887260541338382
a_hh_kind,PC10,0.16255787469543076,0.16255787469543076
q_ärzte_bev,PC11,0.508486269878775,0.508486269878775
q_alo_u25_einw,PC11,0.42628864166740915,0.42628864166740915
a_aloLang,PC11,-0.3864530263893978,0.3864530263893978
q_svw,PC11,-0.3287462871627799,0.3287462871627799
a_Minijobs,PC11,-0.26080431661228276,0.26080431661228276
a_ewfBG_allein,PC11,-0.24066999559754937,0.24066999559754937
m_Q07_HA_DIST,PC11,0.2188413510264013,0.2188413510264013
a_ALGII_SGBII,PC11,-0.1672894645919225,0.1672894645919225
m_OEV20_DIST,PC12,-0.6442526561765811,0.6442526561765811
m_G02_SUP_DIST,PC12,0.38517959200413304,0.38517959200413304
a_bev_0006,PC12,-0.3661475846563518,0.3661475846563518
q_ärzte_bev,PC12,-0.29250637088260184,0.29250637088260184
m_Q01_APO_DIST,PC12,0.2517269062817972,0.2517269062817972
a_ALGII_SGBII,PC12,-0.18837931974675534,0.18837931974675534
a_ewfBG_allein,PC12,-0.13504656197595905,0.13504656197595905
a_hheink_niedrig,PC12,-0.13450703072642112,0.13450703072642112
a_bev_0006,PC13,0.4908595271883833,0.4908595271883833
a_hh_kind,PC13,-0.41000428770918806,0.41000428770918806
m_OEV20_DIST,PC13,-0.3746551972908584,0.3746551972908584
a_ALGII_SGBII,PC13,0.36880543291897544,0.36880543291897544
q_HH1,PC13,0.2689221147100099,0.2689221147100099
a_bb_50Mbits,PC13,0.22607112500457893,0.22607112500457893
q_alo_u25_einw,PC13,-0.2044424546944267,0.2044424546944267
m_G02_SUP_DIST,PC13,0.18632549616716412,0.18632549616716412
a_Minijobs,PC14,-0.6098201237292337,0.6098201237292337
q_svw,PC14,0.5340244674409466,0.5340244674409466
a_bev65um,PC14,0.2714431759788795,0.2714431759788795
q_alo_u25_einw,PC14,-0.25890086344603236,0.25890086344603236
m_G02_SUP_DIST,PC14,0.18845281924640955,0.18845281924640955
q_alo_ü55_einw,PC14,-0.14708037180521139,0.14708037180521139
a_bev_0006,PC14,0.14605553048915987,0.14605553048915987
q_kaufkraft,PC14,-0.13716221620659613,0.13716221620659613
q_alo_u25_einw,PC15,0.4691421425952349,0.4691421425952349
q_alo_ü55_einw,PC15,-0.45272198015250154,0.45272198015250154
a_bev65um,PC15,0.4394260302471002,0.4394260302471002
a_bev_0006,PC15,0.2822353121621988,0.2822353121621988
a_Minijobs,PC15,0.23660843969908324,0.23660843969908324
a_hheink_niedrig,PC15,0.21606163540448922,0.21606163540448922
q_HH1,PC15,-0.21584346937709273,0.21584346937709273
q_kaufkraft,PC15,-0.18877232159256072,0.18877232159256072
q_alo_ü55_einw,PC16,0.4990774933035331,0.4990774933035331
a_ALGII_SGBII,PC16,-0.4237395063676984,0.4237395063676984
a_bev65um,PC16,0.36602021815416297,0.36602021815416297
a_Minijobs,PC16,0.2985745270926969,0.2985745270926969
q_einkst_bev,PC16,0.2931747779585295,0.2931747779585295
a_bev_0006,PC16,0.22388550019393447,0.22388550019393447
q_newfBGu15_bev,PC16,-0.21677303282743493,0.21677303282743493
a_aloLang,PC16,-0.21562650722814877,0.21562650722814877
a_hheink_niedrig,PC17,-0.6006538542228548,0.6006538542228548
q_kaufkraft,PC17,0.5213609267274529,0.5213609267274529
q_alo_ü55_einw,PC17,-0.4216781721750992,0.4216781721750992
q_einkst_bev,PC17,0.24654796146415095,0.24654796146415095
a_hh_kind,PC17,-0.20249557761272483,0.20249557761272483
m_G02_SUP_DIST,PC17,-0.1695463173640741,0.1695463173640741
m_P01_PRIM_DIST,PC17,0.10373530543739509,0.10373530543739509
a_aloLang,PC17,0.08738675786518314,0.08738675786518314
q_newfBGu15_bev,PC18,0.5537407780710889,0.5537407780710889
m_P01_PRIM_DIST,PC18,0.5079017415701453,0.5079017415701453
m_G02_SUP_DIST,PC18,-0.36366012715938667,0.36366012715938667
m_OEV20_DIST,PC18,-0.2676560001453292,0.2676560001453292
a_bev65um,PC18,0.21248394418316852,0.21248394418316852
a_hh_kind,PC18,0.20218237692825208,0.20218237692825208
q_kaufkraft,PC18,-0.19806278522818022,0.19806278522818022
q_alo_u25_einw,PC18,-0.1645892795676166,0.1645892795676166
q_newfBGu15_bev,PC19,-0.5832761290896422,0.5832761290896422
m_G02_SUP_DIST,PC19,-0.4625030490468261,0.4625030490468261
m_P01_PRIM_DIST,PC19,0.3066954952115361,0.3066954952115361
q_alo_u25_einw,PC19,0.24788028320502156,0.24788028320502156
m_OEV20_DIST,PC19,-0.23799943947967178,0.23799943947967178
m_Q07_HA_DIST,PC19,0.1963939181150407,0.1963939181150407
m_Q01_APO_DIST,PC19,0.18039087588643643,0.18039087588643643
a_hheink_niedrig,PC19,0.1700698987338738,0.1700698987338738
m_Q01_APO_DIST,PC20,0.7880577102663756,0.7880577102663756
m_G02_SUP_DIST,PC20,-0.311635058145285,0.311635058145285
m_Q07_HA_DIST,PC20,-0.28121226844408814,0.28121226844408814
q_ärzte_bev,PC20,0.26468792805460883,0.26468792805460883
m_P01_PRIM_DIST,PC20,-0.24400655725358358,0.24400655725358358
q_newfBGu15_bev,PC20,0.14800691472784683,0.14800691472784683
a_hh_kind,PC20,-0.14217049076432964,0.14217049076432964
q_alo_u25_einw,PC20,-0.10000613061303064,0.10000613061303064
m_Q07_HA_DIST,PC21,0.7313028040886018,0.7313028040886018
m_P01_PRIM_DIST,PC21,-0.5506228066030323,0.5506228066030323
m_G02_SUP_DIST,PC21,-0.2638096129543929,0.2638096129543929
q_ärzte_bev,PC21,-0.16953293469764627,0.16953293469764627
q_einkst_bev,PC21,0.13645931975667136,0.13645931975667136
q_alo_u25_einw,PC21,-0.11011364816174844,0.11011364816174844
q_newfBGu15_bev,PC21,0.08262269905194117,0.08262269905194117
a_aloLang,PC21,-0.06502331363203741,0.06502331363203741
q_HH1,PC22,0.5743540832248953,0.5743540832248953
q_einkst_bev,PC22,0.5220974733168702,0.5220974733168702
a_hh_kind,PC22,0.37196336641384975,0.37196336641384975
q_kaufkraft,PC22,-0.36054238596898086,0.36054238596898086
q_alo_ü55_einw,PC22,-0.1708573462314793,0.1708573462314793
m_Q07_HA_DIST,PC22,-0.1628983048025998,0.1628983048025998
m_Q01_APO_DIST,PC22,0.12682115012422476,0.12682115012422476
a_Minijobs,PC22,0.12270027218686728,0.12270027218686728
q_einkst_bev,PC23,0.5168604450889498,0.5168604450889498
a_hh_kind,PC23,-0.4858993926441763,0.4858993926441763
q_HH1,PC23,-0.4413494388878159,0.4413494388878159
a_bev65um,PC23,-0.3858546773233298,0.3858546773233298
q_kaufkraft,PC23,-0.3491350119000783,0.3491350119000783
a_bev_0006,PC23,-0.12721385753194742,0.12721385753194742
m_P01_PRIM_DIST,PC23,0.05935864012298655,0.05935864012298655
m_Q01_APO_DIST,PC23,-0.0475553170904124,0.0475553170904124
