AGS,old_municipality_area_m2,old_flood_area_rp100_m2,old_flood_share_rp100,old_flood_share_rp500,new_municipality_area_m2,new_flood_area_rp100_m2,new_flood_share_rp100,new_flood_share_rp500,area_ratio_old_to_new,rp100_share_change_pp,rp500_share_change_pp,rp100_flood_area_change_m2,abs_rp100_share_change_pp
01051118,2602865.7944192216,2596127.4428845327,0.9974111798045306,0.9974111798045306,8075378.9428490475,2758258.0600023903,0.3415639166314167,0.3415639166314167,0.32232119543122184,-65.5847263173114,-65.5847263173114,162130.61711785756,65.5847263173114
03154007,52106.05434862879,32630.94078454309,0.6262408695584105,0.6262408695584105,9595122.928886414,93789.29993800263,0.00977468455934494,0.00977468455934494,0.005430472828207538,-61.64661849990656,-61.64661849990656,61158.35915345954,61.64661849990656
01051062,14989544.4613645,14689062.030315414,0.9799538650541664,0.9799538650541664,28357505.18953096,14978795.959913123,0.5282127556638164,0.5282127556638164,0.5285917911741527,-45.174110939034996,-45.174110939034996,289733.9295977093,45.174110939034996
01051034,40956108.532680385,38855371.373620704,0.948707598589758,0.948707598589758,52644739.12260729,39307621.887618236,0.7466581189826491,0.7466581189826491,0.7779715355278978,-20.204947960710882,-20.204947960710882,452250.5139975324,20.204947960710882
01051097,16233178.391032968,7325183.323109406,0.45124763288228,0.45124763288228,23004753.334857874,7446332.84247628,0.32368670657264775,0.32368670657264775,0.7056445315775545,-12.756092630963224,-12.756092630963224,121149.51936687436,12.756092630963224
03357036,18873039.267651223,3068749.5484116636,0.16259964836037635,0.18293786705655024,28430467.63820198,3081295.70831879,0.1083800571812775,0.12188120689754868,0.6638314750156112,-5.421959117909886,-6.105666015900156,12546.159907126334,5.421959117909886
13076114,91956026.41342652,23577503.907379813,0.2563997687479159,0.2564261419928297,116229917.80461575,23577503.907379813,0.20285228065818608,0.20287314601584702,0.7911562543475767,-5.3547488089729836,-5.355299597698268,0,5.3547488089729836
01058135,9258032.509931143,834360.5530621894,0.09012288001442705,0.09012288001442705,23814387.481500052,911793.2625455336,0.038287495878441144,0.038287495878441144,0.3887579521884888,-5.1835384135985905,-5.1835384135985905,77432.70948334422,5.1835384135985905
01058029,10560873.009996124,1319078.0741697608,0.12490237056360978,0.12490237056360978,18562396.119334314,1379875.5855156132,0.0743371478899944,0.0743371478899944,0.5689391036643204,-5.0565222673615375,-5.0565222673615375,60797.5113458524,5.0565222673615375
12071076,22690567.20805098,1334281.7374970077,0.05880336640608891,0.06342331583118006,111087397.72670946,1446038.3759153753,0.013017123503719405,0.014136014122523848,0.20425869785763595,-4.5786242902369505,-4.928730170865622,111756.6384183676,4.5786242902369505
13076040,18528960.128267925,2269563.226917453,0.12248735013763616,0.14428894154882205,29592968.88817017,2275613.574703713,0.0768971029335753,0.09082004524262145,0.6261271114191892,-4.559024720406087,-5.346889630620059,6050.347786259837,4.559024720406087
13076006,22044581.13729384,2224852.6352509498,0.10092514896947004,0.10546011491788453,30384060.435054645,2224852.6352509498,0.07322433550336467,0.07651459438822882,0.7255311114330396,-2.770081346610537,-2.894552052965571,0,2.770081346610537
01058024,5921919.114139004,460274.7724030817,0.07772392083237728,0.07772392083237728,9109666.740652576,460274.7724030817,0.05052597262961012,0.05052597262961012,0.6500697866050349,-2.7197948202767157,-2.7197948202767157,0,2.7197948202767157
03352011,139606385.24283934,22676314.6157998,0.1624303542875587,0.24307248336335935,161968595.94766963,22676314.6157998,0.14000439087047642,0.20951265617763756,0.8619348980955833,-2.2425963417082277,-3.3559827185721787,0,2.2425963417082277
01051119,16230066.527724972,16210049.478160912,0.9987666686683098,0.9987666686683098,16715100.23053301,16366671.52197777,0.9791548537699597,0.9791548537699597,0.9709823036584585,-1.9611814898350066,-1.9611814898350066,156622.04381685704,1.9611814898350066
13071156,149441319.74306363,44618365.80804757,0.29856779828203134,0.34835258128886476,159864746.249927,44618365.80804757,0.27910072016936593,0.3256394590107109,0.9347984671331617,-1.9467078112665404,-2.271312227815386,0,1.9467078112665404
15083411,121508027.6249815,4543420.152551478,0.0373919340257431,0.05004231306976348,249748943.06491014,4707152.203613353,0.01884753603297515,0.02506253381148437,0.4865206880711458,-1.854439799276795,-2.497977925827911,163732.0510618752,1.854439799276795
13076109,22318516.392514024,2642473.9020729926,0.11839827771703136,0.1330009330701384,24888183.63006653,2642473.9020729926,0.10617383499536358,0.11928230267162548,0.8967515156691395,-1.2224442721667783,-1.3718630398512928,0,1.2224442721667783
14626600,48900317.58339151,2559001.272092295,0.052330974491696,0.065060775287875,63633887.4327344,2559001.272092295,0.04021444194804762,0.049996828767719464,0.7684634642993117,-1.2116532543648375,-1.5063946520155538,0,1.2116532543648375
01058148,8028885.458245777,603901.4569954138,0.07521610068246752,0.07770900073546542,11012699.408671081,697330.6938595214,0.06332059633902869,0.0651380625425115,0.7290569877830375,-1.1895504343438834,-1.257093819295392,93429.23686410766,1.1895504343438834
13076140,35769883.61430177,2896705.560068685,0.08098168815149578,0.09796035526279284,41923138.84491094,2896705.560068685,0.06909562689913704,0.08358225560181567,0.8532253213822486,-1.1886061252358748,-1.4378099660977166,0,1.1886061252358748
13071069,75358228.78741257,15156833.226083692,0.2011304335302452,0.2011304335302452,79860158.60251059,15156833.226083692,0.18979217536398935,0.18979217536398935,0.9436273369114435,-1.1338258166255861,-1.1338258166255861,0,1.1338258166255861
01058034,5153811.36168117,275392.98981674266,0.05343482143415308,0.05343482143415308,6463502.891730439,275392.98981674266,0.04260739020772886,0.04260739020772886,0.7973712471414038,-1.0827431226424225,-1.0827431226424225,0,1.0827431226424225
01051046,11579597.503951008,11342965.86748935,0.9795647787946932,0.9795647787946932,11771771.888879798,11449404.693461519,0.9726152359677642,0.9726152359677642,0.9836749822590151,-0.6949542826928945,-0.6949542826928945,106438.82597216964,0.6949542826928945
12065193,138839571.0240909,31363956.628179595,0.22590070249307703,0.27445765479439393,142108984.33563513,31363956.628179595,0.2207035450630182,0.2681433776624097,0.9769936198838598,-0.519715743005883,-0.6314277131984236,0,0.519715743005883
16051000,241348282.88698152,11381197.493676186,0.04715673696757051,0.05102756287999385,270313726.8842227,11381197.493676186,0.04210366090121215,0.045559708798172775,0.8928450865921165,-0.505307606635836,-0.5467854081821072,0,0.505307606635836
03357040,30737529.208471738,3060058.196945176,0.09955446243550951,0.09955446243550951,31710155.172446847,3060058.196945176,0.09650089002415478,0.09650089002415478,0.9693276189067587,-0.30535724113547325,-0.30535724113547325,0,0.30535724113547325
15083415,186555296.8483374,26748195.83917313,0.14337944990604276,0.16233676932518834,190122971.03618166,26748195.83917313,0.14068892198240882,0.1592905056438298,0.981234912496895,-0.2690527923633945,-0.30462636813585464,0,0.2690527923633945
16075136,51856705.8725284,1483489.9106548307,0.02860748452285945,0.03255249916577548,56292295.44415217,1483489.9106548307,0.02635333839115883,0.029987502931552723,0.9212043222500255,-0.22541461317006178,-0.25649962342227595,0,0.22541461317006178
12067397,38032358.61743702,610471.562726156,0.01605137269730801,0.0168363561535709,43897070.919061154,610471.562726156,0.013906886039202098,0.014586994567909913,0.8663985505448033,-0.21444866581059127,-0.22493615856609867,0,0.21444866581059127
01058075,4929022.675857492,36002.007739108936,0.00730408645012892,0.00730408645012892,8835364.60918665,81246.64294270858,0.009195618577894528,0.009195618577894528,0.5578742806756947,0.18915321277656083,0.18915321277656083,45244.635203599646,0.18915321277656083
03352062,173612654.49402496,551444.8754992491,0.00317629424598324,0.08939661601821712,355996953.8423922,551444.8754992491,0.001549015713610252,0.04359695677782952,0.48768016866483405,-0.1627278532372988,-4.57996592403876,0,0.1627278532372988
03357035,27978923.62866462,201340.9289331101,0.00719616421293758,0.04137824875757475,34129029.76315896,201340.9289331101,0.0058994038310005,0.03392182168406633,0.8197983893133359,-0.12967603819370793,-0.7456427073508423,0,0.12967603819370793
14626060,213357255.29762965,13360835.730109343,0.06262189542826285,0.06929778473109648,217157658.17900366,13360835.730109345,0.06152597077233155,0.06808502758970288,0.9824993375170711,-0.10959246559313005,-0.12127571413936,1.862645149230957e-9,0.10959246559313005
12061510,26040163.130653583,14322059.611238075,0.5499988436853778,0.5562380485370215,26090958.937346227,14322059.611238077,0.548928065297657,0.5551551232042874,0.9980531261110555,-0.10707783877207389,-0.10829253327341304,1.862645149230957e-9,0.10707783877207389
03357016,33355563.590279818,46863.721175353305,0.00140497464683852,0.00810352618006527,123032508.97752988,46863.721175353305,3.8090518973251443e-4,0.002196961478319771,0.2711117888067432,-0.10240694571060056,-0.5906564701745499,0,0.10240694571060056
14730010,58694154.26545706,47809711.198426425,0.814556607838604,0.824306361387925,58766112.040497184,47809711.198426425,0.8135592016956911,0.8232970168923078,0.9987755226176859,-0.09974061429128822,-0.10093444956171815,0,0.09974061429128822
01058158,7266262.169202912,21257.26569311751,0.00292547463855813,0.00998276032171324,7595935.643578419,29052.065234823243,0.0038246855421140607,0.010575675858905302,0.9565987009573715,0.08992109035559306,0.05929155371920628,7794.799541705732,0.08992109035559306
12071041,19863200.66095932,7293165.473751526,0.3671697023172142,0.4291043277874174,19911812.74790296,7293165.473751526,0.36627330550402126,0.42805672568536923,0.9975586307706333,-0.08963968131929234,-0.1047602102048184,0,0.08963968131929234
01051090,4811046.791946799,4811046.553594205,0.999999950457228,0.999999950457228,4807202.395817772,4811046.553594205,1.00079966630483,1.00079966630483,1.000799715887222,0.07997158476019672,0.07997158476019672,0,0.07997158476019672
01051024,9430113.660749562,9417668.191284902,0.9986802418388168,0.9986802418388168,9422591.509592954,9417668.191284902,0.9994774984882833,0.9994774984882833,1.0007983102259024,0.07972566494665045,0.07972566494665045,0,0.07972566494665045
01051057,13229187.700911168,13132890.910302984,0.9927208840946788,0.9927208840946788,13218612.582973186,13132890.910302985,0.993515077915165,0.993515077915165,1.000800017238693,0.07941938204861776,0.07941938204861776,1.862645149230957e-9,0.07941938204861776
01061063,7477873.405361168,7477872.465073463,0.9999998742573384,0.9999998742573384,7471946.212688744,7477872.465073463,1.0007931337051992,1.0007931337051992,1.0007932595476074,0.07932594478607946,0.07932594478607946,0,0.07932594478607946
01061002,3020344.4797404734,3009862.03545196,0.996529387836776,0.996529387836776,3017954.6879801042,3009862.03545196,0.9973184976698372,0.9973184976698372,1.0007918580652941,0.07891098330611301,0.07891098330611301,0,0.07891098330611301
01061106,6207260.511938371,6205218.3647081945,0.9996710066822152,0.9996710066822152,6202368.1675856095,6205218.3647081945,1.0004595336886772,1.0004595336886772,1.0007887865119536,0.07885270064620364,0.07885270064620364,0,0.07885270064620364
01061119,19424968.68002541,19424967.09932051,0.9999999186250992,0.9999999186250992,19409666.285051152,19424967.09932051,1.0007883089819603,1.0007883089819603,1.0007883904210164,0.07883903568610684,0.07883903568610684,0,0.07883903568610684
01061077,19775825.368098818,19745799.95125189,0.998481711064492,0.998481711064492,19760226.625098795,19745799.95125189,0.9992699135429661,0.9992699135429661,1.0007894010173046,0.07882024784741093,0.07882024784741093,0,0.07882024784741093
01061023,16427195.179507377,16406283.312936949,0.9987269971323824,0.9987269971323824,16414283.396460213,16406283.312936949,0.9995126145120055,0.9995126145120055,1.0007866187475445,0.07856173796230159,0.07856173796230159,0,0.07856173796230159
01051103,5892558.023501109,5782876.713106979,0.9813864691774452,0.9813864691774452,5887846.1293954775,5782876.713106979,0.9821718479081116,0.9821718479081116,1.0008002746678633,0.07853787306664195,0.07853787306664195,0,0.07853787306664195
01051076,10481785.314811677,10283964.561797416,0.9811271890166724,0.9811271890166724,10473403.633893961,10283964.561797416,0.9819123678683133,0.9819123678683133,1.0008002824306885,0.07851788516408664,0.07851788516408664,0,0.07851788516408664
