AGS,mun_name,old_geometry_area_m2,mun_name_full,full_geometry_area_m2,old_to_full_area_ratio,omitted_area_m2,geometry_was_clipped
03154007,Grafhorst,52086.68932685349,Grafhorst,9595122.928886414,0.005428454613129021,9543036.239559561,TRUE
03357038,Rhade,1234034.9327851534,Rhade,24523659.21658419,0.05032017945962297,23289624.283799037,TRUE
03352061,Wurster Nordseeküste,22501365.62203038,Wurster Nordseeküste,181747830.48425624,0.1238054152397684,159246464.86222586,TRUE
12071076,"Forst (Lausitz)/Baršć (Łužyca), Stadt",22754210.971117064,Forst (Lausitz),111087397.72670946,0.20483161399725652,88333186.75559239,TRUE
03357016,Gnarrenburg,33328901.142824817,Gnarrenburg,123032508.97752988,0.2708950782180006,89703607.83470507,TRUE
01051118,Trennewurth,2600784.067866482,Trennewurth,8075378.9428490475,0.3220634085747198,5474594.874982566,TRUE
01002000,"Kiel, Landeshauptstadt",41142351.05389906,Kiel,112723309.79272144,0.36498530010831554,71580958.73882237,TRUE
01058135,"Rendsburg, Stadt",9251074.039596194,Rendsburg,23814387.481500052,0.3884657561225453,14563313.441903858,TRUE
15083411,"Oebisfelde-Weferlingen, Stadt",121469075.37299606,Oebisfelde-Weferlingen,249748943.06491014,0.4863647224381889,128279867.69191408,TRUE
03352062,"Geestland, Stadt",173474669.7894972,Geestland,355996953.8423922,0.4872925678636517,182522284.052895,TRUE
01051062,Kronprinzenkoog,14977557.428245857,Kronprinzenkoog,28357505.18953096,0.528169080042178,13379947.761285104,TRUE
01058075,Hörsten,4925268.222035377,Hörsten,8835364.60918665,0.5574493458837325,3910096.387151272,TRUE
01058029,Breiholz,10552756.8138068,Breiholz,18562396.119334314,0.56850186505907,8009639.305527514,TRUE
01058119,Oldenbüttel,4567510.662222184,Oldenbüttel,8000288.08312802,0.5709182737875035,3432777.420905836,TRUE
12060198,Schorfheide,140195253.57247585,Schorfheide,238606548.50860944,0.5875582813998808,98411294.9361336,TRUE
13076040,Gallin-Kuppentin,18534058.50339796,Gallin-Kuppentin,29592968.88817017,0.6262993947459924,11058910.384772211,TRUE
01058024,Borgstedt,5917496.7852100935,Borgstedt,9109666.740652576,0.6495843320813062,3192169.9554424826,TRUE
03357036,Ostereistedt,18858003.081042457,Ostereistedt,28430467.63820198,0.6633025992053322,9572464.557159524,TRUE
01051097,Sankt Michaelisdonn,16220221.446723348,Sankt Michaelisdonn,23004753.334857874,0.7050813025734866,6784531.888134526,TRUE
13076006,Barkhagen,22051222.69459274,Barkhagen,30384060.435054645,0.7257496983237909,8332837.740461905,TRUE
01058148,Schülp b. Rendsburg,8022794.597895332,Schülp b.Rendsburg,11012699.408671081,0.7285039117274386,2989904.8107757494,TRUE
14626600,"Weißwasser/O.L., Stadt / Běła Woda",49041720.3656163,Weißwasser/O.L.,63633887.4327344,0.7706855944870087,14592167.0671181,TRUE
01051034,Friedrichskoog,40923395.12024589,Friedrichskoog,52644739.12260729,0.7773501360684321,11721344.002361402,TRUE
13076114,"Plau am See, Stadt",91988531.98347118,Plau am See,116229917.80461575,0.7914359204667536,24241385.821144566,TRUE
01058034,"Büdelsdorf, Stadt",5149941.303389691,Büdelsdorf,6463502.891730439,0.7967724915817164,1313561.588340748,TRUE
03357035,Oerel,27956556.653110895,Oerel,34129029.76315896,0.819143024197218,6172473.110048067,TRUE
13076140,Tramm,35767593.19102913,Tramm,41923138.84491094,0.8531706875133221,6155545.653881811,TRUE
03352011,"Cuxhaven, Stadt",139496022.63740224,Cuxhaven,161968595.94766963,0.8612535153572113,22472573.31026739,TRUE
12067397,Ragow-Merz,38125260.04243298,Ragow-Merz,43897070.919061154,0.8685148973317507,5771810.876628175,TRUE
15083125,Calvörde,106701284.8473978,Calvörde,122650835.84860626,0.8699597039771034,15949551.001208454,TRUE
16051000,"Erfurt, Stadt",241276039.75635222,Erfurt,270313726.8842227,0.8925778299808373,29037687.12787047,TRUE
13076109,Passow,22323234.86426106,Passow,24888183.63006653,0.8969411024954491,2564948.765805468,TRUE
16075136,Rosenthal am Rennsteig,51860908.35249404,Rosenthal am Rennsteig,56292295.44415217,0.921278976870742,4431387.09165813,TRUE
13071156,"Waren (Müritz), Stadt",149541821.0268323,Waren (Müritz),159864746.249927,0.9354271315893737,10322925.223094702,TRUE
13071110,"Neustrelitz, Residenzstadt",131332293.26949465,Neustrelitz,139943510.287917,0.9384664783618348,8611217.018422335,TRUE
13071069,Jabel,75399456.61878061,Jabel,79860158.60251059,0.9441435872180982,4460701.983729973,TRUE
12067473,Steinhöfel,153733472.40047035,Steinhöfel,161138405.97169286,0.9540461286893744,7404933.571222514,TRUE
01058158,Tackesdorf,7260626.164997865,Tackesdorf,7595935.643578419,0.9558567246598484,335309.478580554,TRUE
03357040,Sandbostel,30713007.4388144,Sandbostel,31710155.172446847,0.9685543092359613,997147.7336324453,TRUE
01051119,Volsemenhusen,16217094.214760095,Volsemenhusen,16715100.23053301,0.9702062201898604,498006.0157729145,TRUE
13076151,Werder,17634638.771285307,Werder,18101945.145824686,0.9741847425359608,467306.37453937903,TRUE
12065193,"Liebenwalde, Stadt",139027056.53184128,Liebenwalde,142108984.33563513,0.9783129277983234,3081927.8037938476,TRUE
15083415,"Oschersleben (Bode), Stadt",186516726.55422702,Oschersleben (Bode),190122971.03618166,0.9810320422498113,3606244.481954634,TRUE
01051046,Helse,11570336.434448484,Helse,11771771.888879798,0.982888263862673,201435.45443131402,TRUE
16064003,"Bad Langensalza, Stadt",126396858.99596268,Bad Langensalza,128346753.40334763,0.9848076063033934,1949894.407384947,TRUE
14626060,Boxberg/O.L. / Hamor,213980471.69513795,Boxberg/O.L.,217157658.17900366,0.9853692174132457,3177186.483865708,TRUE
15083115,Bülstringen,25324177.49896359,Bülstringen,25524334.42581953,0.9921581921190679,200156.92685594037,TRUE
12067072,Briesen (Mark),111247234.45820944,Briesen (Mark),111720735.89286153,0.9957617408185874,473501.4346520901,TRUE
12067426,Rietz-Neuendorf,184676235.97823608,Rietz-Neuendorf,185234224.38259536,0.9969876603191493,557988.4043592811,TRUE
03154027,Söllingen,39375252.0596562,Söllingen,39430284.66967523,0.9986043060434369,55032.61001902819,TRUE
14628330,Reinhardtsdorf-Schöna,31784325.15248499,Reinhardtsdorf-Schöna,31817093.770008847,0.9989700939450747,32768.61752385646,TRUE
12071301,Neuhausen/Spree / Kopańce/Sprjewja,134973427.40082976,Neuhausen/Spree,135095830.3552456,0.9990939546091544,122402.95441582799,FALSE
14628030,"Bad Schandau, Stadt",47694195.88030546,Bad Schandau,47722548.93476192,0.9994058771987385,28353.054456457496,FALSE
12073572,"Templin, Stadt",379446392.4629201,Templin,379582812.2804865,0.9996406059148284,136419.8175663948,FALSE
03352002,Armstorf,39621376.6247183,Armstorf,39634923.870285094,0.9996581992787187,13547.245566792786,FALSE
12063244,"Premnitz, Stadt",46200413.256157875,Premnitz,46200413.256168276,0.9999999999997748,1.0401010513305664e-5,FALSE
16074031,Großeutersdorf,3439448.3169524223,Großeutersdorf,3439448.316952914,0.999999999999857,4.917383193969727e-7,FALSE
14628310,"Rathen, Kurort",3743511.710648358,Rathen,3743511.710648861,0.9999999999998657,5.029141902923584e-7,FALSE
01061035,Heiligenstedtenerkamp,865796.5194303785,Heiligenstedtenerkamp,865796.5194304921,0.9999999999998688,1.1362135410308838e-7,FALSE
15083580,Zielitz,11433584.155042043,Zielitz,11433584.155043542,0.9999999999998689,1.4994293451309204e-6,FALSE
16071009,Buchfart,7263662.231929272,Buchfart,7263662.231930096,0.9999999999998866,8.23289155960083e-7,FALSE
01056042,Raa-Besenbek,12670789.436253905,Raa-Besenbek,12670789.436255295,0.9999999999998903,1.389533281326294e-6,FALSE
01051064,Kuden,11394487.39602673,Kuden,11394487.396027938,0.9999999999998941,1.2069940567016602e-6,FALSE
01056051,Westerhorn,9396717.29221055,Westerhorn,9396717.292211527,0.999999999999896,9.778887033462524e-7,FALSE
16077052,Windischleuba,20480388.41735208,Windischleuba,20480388.417354092,0.9999999999999017,2.0116567611694336e-6,FALSE
01061096,Sarlhusen,10855186.839877527,Sarlhusen,10855186.839878488,0.9999999999999114,9.611248970031738e-7,FALSE
12061540,"Wildau, Stadt",8874288.783778086,Wildau,8874288.783778869,0.9999999999999118,7.82310962677002e-7,FALSE
01053083,"Lauenburg/ Elbe, Stadt",9467987.643500924,Lauenburg/Elbe,9467987.643501751,0.9999999999999126,8.270144462585449e-7,FALSE
12061344,Münchehofe,62439240.78617276,Münchehofe,62439240.78617816,0.9999999999999136,5.3942203521728516e-6,FALSE
01058035,Bünsdorf,13321317.891803697,Bünsdorf,13321317.89180483,0.999999999999915,1.1324882507324219e-6,FALSE
14627190,Nünchritz,31132061.88738191,Nünchritz,31132061.88738452,0.9999999999999163,2.60770320892334e-6,FALSE
03359019,Großenwörden,12340566.84825182,Großenwörden,12340566.848252848,0.9999999999999167,1.0281801223754883e-6,FALSE
16074012,Crossen an der Elster,10711833.845221229,Crossen an der Elster,10711833.845222116,0.9999999999999172,8.866190910339355e-7,FALSE
14730110,"Eilenburg, Stadt",46790885.0256719,Eilenburg,46790885.02567576,0.9999999999999175,3.859400749206543e-6,FALSE
14524050,Dennheritz,13034982.459384963,Dennheritz,13034982.459386006,0.99999999999992,1.043081283569336e-6,FALSE
14521495,"Pockau-Lengefeld, Stadt",83505276.29701796,Pockau-Lengefeld,83505276.29702461,0.9999999999999204,6.645917892456055e-6,FALSE
03355017,Handorf,9845690.275816813,Handorf,9845690.275817502,0.9999999999999301,6.891787052154541e-7,FALSE
16068045,Ringleben,6612685.463936776,Ringleben,6612685.463937223,0.9999999999999324,4.470348358154297e-7,FALSE
14628270,"Pirna, Stadt",53425302.548489764,Pirna,53425302.548493326,0.9999999999999334,3.56137752532959e-6,FALSE
01051073,Marnerdeich,1293267.7159603834,Marnerdeich,1293267.715960469,0.9999999999999337,8.568167686462402e-8,FALSE
01061054,Krempdorf,5458884.746939108,Krempdorf,5458884.746939462,0.9999999999999352,3.5390257835388184e-7,FALSE
14628320,Rathmannsdorf,4195836.411452621,Rathmannsdorf,4195836.411452889,0.999999999999936,2.682209014892578e-7,FALSE
12065180,Leegebruch,6196386.074688353,Leegebruch,6196386.074688744,0.9999999999999368,3.91155481338501e-7,FALSE
14628370,"Stadt Wehlen, Stadt",10977521.341151476,Stadt Wehlen,10977521.341152165,0.9999999999999373,6.891787052154541e-7,FALSE
01061060,Kudensee,3058946.5437027924,Kudensee,3058946.5437029824,0.9999999999999379,1.8998980522155762e-7,FALSE
14730030,Beilrode,93254227.22893411,Beilrode,93254227.22893989,0.999999999999938,5.781650543212891e-6,FALSE
16071069,Obertrebra,3324050.153672546,Obertrebra,3324050.15367275,0.9999999999999386,2.039596438407898e-7,FALSE
15086055,"Gommern, Stadt",161566566.55856666,Gommern,161566566.55857658,0.9999999999999386,9.924173355102539e-6,FALSE
14628160,"Heidenau, Stadt",10960781.690978065,Heidenau,10960781.690978736,0.9999999999999388,6.705522537231445e-7,FALSE
16071064,Niedertrebra,9012958.996059656,Niedertrebra,9012958.996060198,0.9999999999999398,5.420297384262085e-7,FALSE
15084285,"Laucha an der Unstrut, Stadt",31292658.35530594,Laucha an der Unstrut,31292658.355307817,0.99999999999994,1.8775463104248047e-6,FALSE
12062464,Schraden,16551361.52233994,Schraden,16551361.52234092,0.9999999999999408,9.797513484954834e-7,FALSE
03354016,Luckau (Wendland),22416424.025398478,Luckau (Wendland),22416424.025399774,0.9999999999999422,1.296401023864746e-6,FALSE
03355024,Melbeck,16191367.481678173,Melbeck,16191367.481679093,0.9999999999999432,9.201467037200928e-7,FALSE
01061022,Dägeling,7543247.842715755,Dägeling,7543247.842716182,0.9999999999999435,4.2654573917388916e-7,FALSE
16077001,"Altenburg, Stadt",45989937.18791446,Altenburg,45989937.18791705,0.9999999999999436,2.592802047729492e-6,FALSE
01051057,Kaiser-Wilhelm-Koog,13218612.582972452,Kaiser-Wilhelm-Koog,13218612.582973186,0.9999999999999445,7.338821887969971e-7,FALSE
14625310,"Lauta, Stadt",42056455.59038524,Lauta,42056455.59038755,0.999999999999945,2.3096799850463867e-6,FALSE
03359020,Grünendeich,2588844.4192940197,Grünendeich,2588844.4192941617,0.9999999999999452,1.4202669262886047e-7,FALSE
01061012,Blomesche Wildnis,6811958.58442533,Blomesche Wildnis,6811958.584425703,0.9999999999999453,3.725290298461914e-7,FALSE
14522570,"Waldheim, Stadt",41719077.7588286,Waldheim,41719077.75883077,0.999999999999948,2.168118953704834e-6,FALSE
01051051,Hochdonn,5461761.440063246,Hochdonn,5461761.440063529,0.9999999999999482,2.8312206268310547e-7,FALSE
01061057,Krempermoor,1590372.9546691068,Krempermoor,1590372.9546691887,0.9999999999999485,8.195638656616211e-8,FALSE
15084246,Kaiserpfalz,41118282.15318024,Kaiserpfalz,41118282.15318236,0.9999999999999485,2.115964889526367e-6,FALSE
14627140,"Meißen, Stadt",31144025.977701195,Meißen,31144025.97770278,0.999999999999949,1.5869736671447754e-6,FALSE
12071164,Guhrow/Góry,6636164.019009456,Guhrow,6636164.019009794,0.999999999999949,3.380700945854187e-7,FALSE
12070244,"Lenzen (Elbe), Stadt",96076567.9837233,Lenzen (Elbe),96076567.98372811,0.9999999999999499,4.813075065612793e-6,FALSE
01051103,Schmedeswurth,5887846.129395187,Schmedeswurth,5887846.1293954775,0.9999999999999506,2.905726432800293e-7,FALSE
01061020,Büttel,8886535.23829028,Büttel,8886535.238290718,0.9999999999999507,4.377216100692749e-7,FALSE
16065056,Reinsdorf,11330959.869729996,Reinsdorf,11330959.869730547,0.9999999999999514,5.513429641723633e-7,FALSE
14627210,"Radebeul, Stadt",26133003.263027713,Radebeul,26133003.26302892,0.9999999999999538,1.2069940567016602e-6,FALSE
12054000,"Potsdam, Stadt",187155026.61691695,Potsdam,187155026.6169255,0.9999999999999543,8.553266525268555e-6,FALSE
14627020,Diera-Zehren,43387391.97460228,Diera-Zehren,43387391.97460426,0.9999999999999545,1.9744038581848145e-6,FALSE
15089075,"Egeln, Stadt",29290742.118434872,Egeln,29290742.118436176,0.9999999999999555,1.30385160446167e-6,FALSE
16065046,Mönchpfiffel-Nikolausrieth,9268732.690789193,Mönchpfiffel-Nikolausrieth,9268732.690789603,0.9999999999999558,4.0978193283081055e-7,FALSE
14730080,Doberschütz,78522800.17791787,Doberschütz,78522800.17792132,0.9999999999999559,3.4570693969726562e-06,FALSE
15089043,Börde-Hakel,39045345.92019634,Börde-Hakel,39045345.92019806,0.9999999999999559,1.7210841178894043e-6,FALSE
15084150,Gleina,29877869.66065383,Gleina,29877869.66065514,0.9999999999999561,1.3113021850585938e-06,FALSE
03359033,Neuenkirchen,8152226.686349943,Neuenkirchen,8152226.686350301,0.9999999999999561,3.5762786865234375e-7,FALSE
03355004,"Bardowick, Flecken",23127933.12518564,Bardowick,23127933.12518663,0.9999999999999571,9.909272193908691e-7,FALSE
15084170,Goseck,14467892.210808218,Goseck,14467892.210808836,0.9999999999999573,6.183981895446777e-7,FALSE
12062196,Gröden,22402858.928709388,Gröden,22402858.92871034,0.9999999999999575,9.5367431640625e-7,FALSE
01061065,Lohbarbek,6187044.975899912,Lohbarbek,6187044.975900173,0.9999999999999578,2.60770320892334e-7,FALSE
03355015,Echem,10383318.339278815,Echem,10383318.339279251,0.999999999999958,4.3585896492004395e-7,FALSE
01061018,Brokdorf,13446795.43594455,Brokdorf,13446795.435945112,0.9999999999999581,5.62518835067749e-7,FALSE
12067024,Bad Saarow,50298082.389562234,Bad Saarow,50298082.389564335,0.9999999999999583,2.1010637283325195e-6,FALSE
03359022,Hammah,29370105.301833656,Hammah,29370105.30183487,0.9999999999999587,1.214444637298584e-6,FALSE
16074095,Sulza,4005551.9246236086,Sulza,4005551.924623769,0.99999999999996,1.601874828338623e-7,FALSE
14627050,"Gröditz, Stadt",29040876.612620912,Gröditz,29040876.612622075,0.99999999999996,1.1622905731201172e-6,FALSE
16077005,Fockendorf,8819688.142882586,Fockendorf,8819688.142882936,0.9999999999999603,3.501772880554199e-7,FALSE
15089005,"Alsleben (Saale), Stadt",23866835.429367524,Alsleben (Saale),23866835.429368444,0.9999999999999615,9.201467037200928e-7,FALSE
15090225,"Havelberg, Hansestadt",150161438.55324867,Havelberg,150161438.5532544,0.9999999999999619,5.7220458984375e-6,FALSE
16073111,Unterwellenborn,62677817.51922482,Unterwellenborn,62677817.51922716,0.9999999999999627,2.339482307434082e-6,FALSE
14521035,"Aue-Bad Schlema, Stadt",36185659.69922936,Aue-Bad Schlema,36185659.69923068,0.9999999999999636,1.3187527656555176e-6,FALSE
14522280,Königsfeld,28243183.274727203,Königsfeld,28243183.274728227,0.9999999999999637,1.0244548320770264e-6,FALSE
14627270,"Strehla, Stadt",30423270.693644643,Strehla,30423270.693645723,0.9999999999999645,1.080334186553955e-6,FALSE
13076102,Neu Gülze,13031360.020412752,Neu Gülze,13031360.020413212,0.9999999999999647,4.600733518600464e-7,FALSE
01061078,Nutteln,6927739.898304075,Nutteln,6927739.898304315,0.9999999999999654,2.4028122425079346e-7,FALSE
16064019,Großvargula,15214475.913589716,Großvargula,15214475.91359024,0.9999999999999656,5.234032869338989e-7,FALSE
16055000,"Weimar, Stadt",84348894.19406882,Weimar,84348894.19407173,0.9999999999999656,2.905726432800293e-6,FALSE
03359025,Himmelpforten,18215753.03714584,Himmelpforten,18215753.037146464,0.9999999999999657,6.258487701416016e-7,FALSE
13076105,"Neustadt-Glewe, Stadt",94112757.09683102,Neustadt-Glewe,94112757.09683424,0.9999999999999658,3.2186508178710938e-06,FALSE
15083025,Am Großen Bruch,50707174.69812411,Am Großen Bruch,50707174.69812584,0.9999999999999659,1.7285346984863281e-6,FALSE
16074112,Wichmar,5198804.2403445095,Wichmar,5198804.2403446855,0.9999999999999661,1.7601996660232544e-7,FALSE
01061034,Heiligenstedten,9185592.307542622,Heiligenstedten,9185592.307542931,0.9999999999999664,3.0919909477233887e-7,FALSE
12062453,Schönborn,38929792.26194735,Schönborn,38929792.26194864,0.9999999999999669,1.2889504432678223e-6,FALSE
14522490,"Rochlitz, Stadt",23581724.78775749,Rochlitz,23581724.78775827,0.999999999999967,7.7858567237854e-7,FALSE
03354021,"Schnackenburg, Stadt",23312685.213563845,Schnackenburg,23312685.213564605,0.9999999999999674,7.599592208862305e-7,FALSE
01061052,Kleve,5622212.487007663,Kleve,5622212.487007845,0.9999999999999676,1.825392246246338e-7,FALSE
03352008,Bülkau,22980760.305284206,Bülkau,22980760.30528494,0.999999999999968,7.338821887969971e-7,FALSE
01061104,Süderau,9136918.75002376,Süderau,9136918.75002405,0.9999999999999682,2.905726432800293e-7,FALSE
13076119,Redefin,17809943.39382869,Redefin,17809943.393829256,0.9999999999999682,5.662441253662109e-7,FALSE
16065019,Gehofen,13548591.471329123,Gehofen,13548591.471329546,0.9999999999999688,4.2282044887542725e-7,FALSE
14522290,Königshain-Wiederau,31122770.437278688,Königshain-Wiederau,31122770.43727965,0.9999999999999691,9.611248970031738e-7,FALSE
12062500,"Uebigau-Wahrenbrück, Stadt",135901487.06610978,Uebigau-Wahrenbrück,135901487.06611395,0.9999999999999692,4.172325134277344e-6,FALSE
16077048,Treben,9990578.131756717,Treben,9990578.131757021,0.9999999999999696,3.03611159324646e-7,FALSE
12069028,Bensdorf,34343518.535229534,Bensdorf,34343518.53523056,0.99999999999997,1.0281801223754883e-6,FALSE
16076003,"Bad Köstritz, Stadt",20159072.262279548,Bad Köstritz,20159072.262280148,0.9999999999999702,5.997717380523682e-7,FALSE
16073038,Kaulsdorf,21968218.288910463,Kaulsdorf,21968218.288911104,0.9999999999999708,6.407499313354492e-7,FALSE
01061093,Rosdorf,5564646.35937883,Rosdorf,5564646.35937899,0.9999999999999712,1.601874828338623e-7,FALSE
14524330,"Zwickau, Stadt, Hochschulstadt",103508554.81607553,Zwickau,103508554.81607848,0.9999999999999715,2.950429916381836e-6,FALSE
14627070,Hirschstein,34760214.33588398,Hirschstein,34760214.33588495,0.9999999999999721,9.685754776000977e-7,FALSE
16076039,Langenwetzendorf,58327544.83979751,Langenwetzendorf,58327544.83979913,0.9999999999999722,1.6167759895324707e-6,FALSE
12068477,Wusterhausen/Dosse,196404815.48170197,Wusterhausen/Dosse,196404815.48170736,0.9999999999999726,5.3942203521728516e-6,FALSE
15089310,"Staßfurt, Stadt",147453642.09884396,Staßfurt,147453642.098848,0.9999999999999727,4.023313522338867e-6,FALSE
14730020,"Bad Düben, Stadt",45760284.73030515,Bad Düben,45760284.73030639,0.999999999999973,1.2367963790893555e-6,FALSE
03359012,Dollern,11986902.817578584,Dollern,11986902.817578904,0.9999999999999732,3.203749656677246e-7,FALSE
12068264,"Kyritz, Stadt",157576666.42114347,Kyritz,157576666.42114767,0.9999999999999734,4.202127456665039e-6,FALSE
01061056,Kremperheide,3909952.916742692,Kremperheide,3909952.916742796,0.9999999999999734,1.043081283569336e-7,FALSE
12067036,"Beeskow, Stadt",77998345.0786411,Beeskow,77998345.07864317,0.9999999999999735,2.0712614059448242e-6,FALSE
15090445,"Sandau (Elbe), Stadt",18434549.689568304,Sandau (Elbe),18434549.689568777,0.9999999999999744,4.731118679046631e-7,FALSE
01056020,Haseldorf,17815283.5241388,Haseldorf,17815283.524139255,0.9999999999999745,4.544854164123535e-7,FALSE
15083361,Loitsche-Heinrichsberg,31181807.099593062,Loitsche-Heinrichsberg,31181807.099593844,0.9999999999999749,7.82310962677002e-7,FALSE
01061113,"Wilster, Stadt",2755912.6525660027,Wilster,2755912.6525660716,0.999999999999975,6.891787052154541e-8,FALSE
09475137,Issigau,18596345.910315365,Issigau,18596345.910315827,0.9999999999999751,4.6193599700927734e-7,FALSE
16068057,Walschleben,16861722.674347706,Walschleben,16861722.674348123,0.9999999999999752,4.172325134277344e-7,FALSE
12066320,"Vetschau/Spreewald / Wětošow/Błota, Stadt",111737275.99096006,Vetschau/Spreewald,111737275.9909628,0.9999999999999755,2.7418136596679688e-06,FALSE
16076094,Berga-Wünschendorf,62985940.2736449,Berga-Wünschendorf,62985940.27364644,0.9999999999999757,1.5348196029663086e-6,FALSE
16062008,Görsbach,7954000.735522934,Görsbach,7954000.735523127,0.9999999999999758,1.9278377294540405e-7,FALSE
12067408,Rauen,21643502.721571267,Rauen,21643502.72157179,0.9999999999999759,5.21540641784668e-7,FALSE
12070416,Weisen,15519249.70929929,Weisen,15519249.709299661,0.9999999999999761,3.7066638469696045e-7,FALSE
03352052,Stinstedt,30437815.314011965,Stinstedt,30437815.314012676,0.9999999999999766,7.115304470062256e-7,FALSE
01061046,"Itzehoe, Stadt",28545803.23476398,Itzehoe,28545803.234764636,0.999999999999977,6.556510925292969e-7,FALSE
15085160,Hedersleben,16502768.787721723,Hedersleben,16502768.787722103,0.999999999999977,3.7997961044311523e-7,FALSE
13071137,Sietow,18847417.380425442,Sietow,18847417.38042587,0.9999999999999772,4.284083843231201e-7,FALSE
12062341,"Mühlberg/Elbe, Stadt",89217010.01475184,Mühlberg/Elbe,89217010.01475386,0.9999999999999772,2.0265579223632812e-06,FALSE
14729040,"Böhlen, Stadt",24293697.819196124,Böhlen,24293697.819196668,0.9999999999999776,5.438923835754395e-7,FALSE
16071004,"Bad Sulza, Stadt",93949547.55477479,Bad Sulza,93949547.55477689,0.9999999999999777,2.1010637283325195e-6,FALSE
12063165,Kotzen,42678641.544464655,Kotzen,42678641.5444656,0.9999999999999778,9.462237358093262e-7,FALSE
13076097,Milow,33807484.17057259,Milow,33807484.17057334,0.9999999999999778,7.525086402893066e-7,FALSE
15089185,Ilberstedt,14814473.705547541,Ilberstedt,14814473.70554787,0.9999999999999779,3.2782554626464844e-7,FALSE
12069270,"Havelsee, Stadt",82133144.05965959,Havelsee,82133144.0596614,0.9999999999999779,1.817941665649414e-6,FALSE
16053000,"Jena, Stadt",114776189.22504818,Jena,114776189.22505069,0.9999999999999782,2.5033950805664062e-06,FALSE
13071043,Göhren-Lebbin,41562504.55205463,Göhren-Lebbin,41562504.55205552,0.9999999999999785,8.940696716308594e-7,FALSE
01056045,Seestermühe,18117780.326576225,Seestermühe,18117780.32657661,0.9999999999999788,3.8370490074157715e-7,FALSE
13076012,Blievenstorf,21448027.282818794,Blievenstorf,21448027.28281925,0.9999999999999788,4.544854164123535e-7,FALSE
01056015,"Elmshorn, Stadt",21702124.601431366,Elmshorn,21702124.601431817,0.9999999999999792,4.507601261138916e-7,FALSE
13076089,"Lübz, Stadt",74813303.50257026,Lübz,74813303.50257179,0.9999999999999795,1.5348196029663086e-6,FALSE
01053028,Escheburg,8661986.821033217,Escheburg,8661986.821033394,0.9999999999999796,1.7695128917694092e-7,FALSE
01056038,Osterhorn,6374418.444994956,Osterhorn,6374418.444995083,0.9999999999999801,1.2665987014770508e-7,FALSE
12062240,Hohenleipisch,35031725.01790615,Hohenleipisch,35031725.017906845,0.9999999999999802,6.92903995513916e-7,FALSE
15084275,Kretzschau,27871911.810786713,Kretzschau,27871911.810787264,0.9999999999999802,5.513429641723633e-7,FALSE
16074021,Freienorla,6875684.033085957,Freienorla,6875684.033086091,0.9999999999999805,1.341104507446289e-7,FALSE
12063134,Havelaue,74787975.32205197,Havelaue,74787975.32205343,0.9999999999999805,1.4603137969970703e-6,FALSE
15089245,Plötzkau,23962093.80644627,Plötzkau,23962093.80644673,0.9999999999999807,4.6193599700927734e-7,FALSE
15089165,"Güsten, Stadt",36360530.25389637,Güsten,36360530.25389707,0.9999999999999808,7.003545761108398e-7,FALSE
01051090,Ramhusen,4807202.395817682,Ramhusen,4807202.395817772,0.9999999999999813,8.940696716308594e-8,FALSE
14522140,"Flöha, Stadt",27931186.062496096,Flöha,27931186.062496617,0.9999999999999813,5.21540641784668e-7,FALSE
15083245,"Gröningen, Stadt",59726899.68383403,Gröningen,59726899.683835134,0.9999999999999816,1.1026859283447266e-6,FALSE
12070052,Breese,23853680.37757563,Breese,23853680.377576068,0.9999999999999816,4.3958425521850586e-7,FALSE
16068002,Andisleben,6730100.62424301,Andisleben,6730100.624243133,0.9999999999999817,1.2293457984924316e-7,FALSE
12062024,"Bad Liebenwerda, Stadt",139221533.9710239,Bad Liebenwerda,139221533.97102642,0.9999999999999818,2.5331974029541016e-6,FALSE
16068062,Wundersleben,6943238.073568508,Wundersleben,6943238.073568635,0.9999999999999818,1.2665987014770508e-7,FALSE
12066304,"Senftenberg/Zły Komorow, Stadt",128211122.8535967,Senftenberg,128211122.853599,0.9999999999999821,2.294778823852539e-6,FALSE
15082015,"Bitterfeld-Wolfen, Stadt",86439561.37782529,Bitterfeld-Wolfen,86439561.37782684,0.9999999999999821,1.5497207641601562e-06,FALSE
03355003,"Artlenburg, Flecken",11787911.580612093,Artlenburg,11787911.580612302,0.9999999999999823,2.086162567138672e-7,FALSE
14523330,Pöhl,36654093.10526893,Pöhl,36654093.105269566,0.9999999999999827,6.332993507385254e-7,FALSE
14730310,"Torgau, Stadt",102853060.15131961,Torgau,102853060.15132135,0.999999999999983,1.7434358596801758e-6,FALSE
12061265,Krausnick-Groß Wasserburg,54774429.424538076,Krausnick-Groß Wasserburg,54774429.42453899,0.9999999999999832,9.164214134216309e-7,FALSE
12061332,"Mittenwalde, Stadt",99433041.53931993,Mittenwalde,99433041.5393216,0.9999999999999832,1.6689300537109375e-6,FALSE
16073002,Altenbeuthen,8067944.710577831,Altenbeuthen,8067944.710577965,0.9999999999999833,1.341104507446289e-7,FALSE
12068468,"Wittstock/Dosse, Stadt",420426820.74995625,Wittstock/Dosse,420426820.7499632,0.9999999999999835,6.973743438720703e-6,FALSE
12069648,Wenzlow,20707044.440683275,Wenzlow,20707044.44068362,0.9999999999999835,3.427267074584961e-7,FALSE
03359021,Guderhandviertel,9223870.486279618,Guderhandviertel,9223870.486279769,0.9999999999999837,1.5087425708770752e-7,FALSE
03352038,Neuenkirchen,19402083.72476,Neuenkirchen,19402083.724760316,0.9999999999999837,3.166496753692627e-7,FALSE
15087370,"Sangerhausen, Stadt",209561194.9361909,Sangerhausen,209561194.93619433,0.9999999999999837,3.427267074584961e-6,FALSE
15084025,Balgstädt,32848242.337743293,Balgstädt,32848242.337743822,0.9999999999999839,5.289912223815918e-7,FALSE
03353007,Drage,30407387.635426115,Drage,30407387.635426603,0.9999999999999839,4.880130290985107e-7,FALSE
14524320,"Wilkau-Haßlau, Stadt",12677525.147904195,Wilkau-Haßlau,12677525.147904396,0.9999999999999841,2.0116567611694336e-7,FALSE
01056024,Heist,10018888.2675452,Heist,10018888.267545357,0.9999999999999843,1.564621925354004e-7,FALSE
03352056,Wingst,55608496.48130378,Wingst,55608496.481304646,0.9999999999999845,8.642673492431641e-7,FALSE
12067173,Gosen-Neu Zittau,14508968.214323169,Gosen-Neu Zittau,14508968.214323394,0.9999999999999845,2.253800630569458e-7,FALSE
03359013,Drochtersen,106914216.90756142,Drochtersen,106914216.90756306,0.9999999999999847,1.6391277313232422e-6,FALSE
15091391,"Zahna-Elster, Stadt",149659888.98507053,Zahna-Elster,149659888.9850728,0.9999999999999849,2.2649765014648438e-06,FALSE
16065087,"Roßleben-Wiehe, Stadt",72953515.34495404,Roßleben-Wiehe,72953515.34495515,0.9999999999999849,1.1026859283447266e-6,FALSE
15082005,"Aken (Elbe), Stadt",59814153.793197274,Aken (Elbe),59814153.79319817,0.999999999999985,8.940696716308594e-7,FALSE
03359015,Engelschoff,19629177.422399618,Engelschoff,19629177.4223999,0.9999999999999856,2.8312206268310547e-7,FALSE
12062461,"Schönewalde, Stadt",156495738.43898073,Schönewalde,156495738.43898296,0.9999999999999857,2.2351741790771484e-6,FALSE
01061027,Engelbrechtsche Wildnis,4948062.574385561,Engelbrechtsche Wildnis,4948062.574385632,0.9999999999999857,7.078051567077637e-8,FALSE
01061101,Sommerland,19077815.414614692,Sommerland,19077815.414614964,0.9999999999999858,2.7194619178771973e-7,FALSE
01061010,Bekmünde,2884956.648364745,Bekmünde,2884956.648364786,0.9999999999999858,4.0978193283081055e-8,FALSE
03359010,"Buxtehude, Hansestadt",76262592.45658526,Buxtehude,76262592.45658633,0.9999999999999859,1.0728836059570312e-06,FALSE
16068005,Büchel,6463514.723747253,Büchel,6463514.723747343,0.9999999999999861,8.940696716308594e-8,FALSE
15086005,Biederitz,39887011.59926648,Biederitz,39887011.59926703,0.9999999999999861,5.513429641723633e-7,FALSE
03360012,Jelmstorf,13955288.939884342,Jelmstorf,13955288.939884534,0.9999999999999862,1.9185245037078857e-7,FALSE
03352043,Odisheim,13582666.151717909,Odisheim,13582666.151718095,0.9999999999999862,1.862645149230957e-7,FALSE
14524090,"Hartenstein, Stadt",36873390.540000215,Hartenstein,36873390.54000072,0.9999999999999862,5.066394805908203e-7,FALSE
16074079,Rothenstein,10579228.724550292,Rothenstein,10579228.724550437,0.9999999999999862,1.4528632164001465e-7,FALSE
01061015,Borsfleth,13863126.116998725,Borsfleth,13863126.116998915,0.9999999999999863,1.8998980522155762e-7,FALSE
16065042,Kalbsrieth,11982585.109859085,Kalbsrieth,11982585.109859249,0.9999999999999863,1.6391277313232422e-7,FALSE
16076022,"Greiz, Stadt",84912677.81935751,Greiz,84912677.81935868,0.9999999999999863,1.1622905731201172e-6,FALSE
12063274,Seeblick,48592905.63152698,Seeblick,48592905.63152763,0.9999999999999865,6.556510925292969e-7,FALSE
13076014,"Boizenburg/ Elbe, Stadt",47238842.90497862,Boizenburg/Elbe,47238842.90497926,0.9999999999999865,6.407499313354492e-7,FALSE
12071372,"Spremberg/Grodk, Stadt",202891853.2897104,Spremberg,202891853.28971308,0.9999999999999868,2.682209014892578e-6,FALSE
01051022,Dingen,6798996.813680589,Dingen,6798996.813680679,0.9999999999999869,8.940696716308594e-8,FALSE
16073109,Uhlstädt-Kirchhasel,121711793.51269417,Uhlstädt-Kirchhasel,121711793.51269574,0.999999999999987,1.5795230865478516e-6,FALSE
15087440,Wallhausen,35283068.20538145,Wallhausen,35283068.20538191,0.9999999999999871,4.544854164123535e-7,FALSE
15085090,Ditfurt,23929171.404764697,Ditfurt,23929171.404765002,0.9999999999999872,3.0547380447387695e-7,FALSE
12070348,Rühstädt,28839856.535164855,Rühstädt,28839856.53516522,0.9999999999999873,3.650784492492676e-7,FALSE
01061083,Ottenbüttel,9884525.833069146,Ottenbüttel,9884525.83306927,0.9999999999999873,1.2479722499847412e-7,FALSE
03359034,Nottensdorf,6984233.280372916,Nottensdorf,6984233.280373003,0.9999999999999875,8.754432201385498e-8,FALSE
01061030,Grevenkop,9381940.665316237,Grevenkop,9381940.665316354,0.9999999999999875,1.1734664440155029e-7,FALSE
16074033,Großpürschütz,3845736.107504301,Großpürschütz,3845736.107504349,0.9999999999999875,4.842877388000488e-8,FALSE
12072232,"Luckenwalde, Stadt",46648169.57139775,Luckenwalde,46648169.57139833,0.9999999999999876,5.811452865600586e-7,FALSE
15084207,Gutenborn,34112737.28489223,Gutenborn,34112737.284892656,0.9999999999999876,4.246830940246582e-7,FALSE
12061510,Unterspreewald,26090958.937345907,Unterspreewald,26090958.937346227,0.9999999999999877,3.203749656677246e-7,FALSE
14729170,"Groitzsch, Stadt",70102504.2642886,Groitzsch,70102504.26428947,0.9999999999999877,8.642673492431641e-7,FALSE
16074048,Kleineutersdorf,5347715.60011119,Kleineutersdorf,5347715.600111255,0.9999999999999878,6.51925802230835e-8,FALSE
01056037,Neuendeich,8686162.934733162,Neuendeich,8686162.934733266,0.999999999999988,1.043081283569336e-7,FALSE
12061316,"Lübben (Spreewald) / Lubin (Błota), Stadt",121052302.63191615,Lübben (Spreewald),121052302.6319176,0.999999999999988,1.4454126358032227e-6,FALSE
03359001,Agathenburg,11100004.708568122,Agathenburg,11100004.708568253,0.9999999999999882,1.30385160446167e-7,FALSE
12061329,Märkische Heide/Markojska Góla,212076425.67273974,Märkische Heide,212076425.67274225,0.9999999999999882,2.5033950805664062e-06,FALSE
15087250,"Kelbra (Kyffhäuser), Stadt",40621471.9610598,Kelbra (Kyffhäuser),40621471.96106028,0.9999999999999882,4.76837158203125e-7,FALSE
14524290,"Waldenburg, Stadt",25083048.2231226,Waldenburg,25083048.223122895,0.9999999999999882,2.942979335784912e-7,FALSE
13076010,Besitz,22187644.021265,Besitz,22187644.02126526,0.9999999999999882,2.60770320892334e-7,FALSE
03355019,Hohnstorf (Elbe),10232542.832744436,Hohnstorf (Elbe),10232542.832744556,0.9999999999999883,1.1920928955078125e-7,FALSE
12065084,"Fürstenberg/Havel, Stadt",214561334.25998735,Fürstenberg/Havel,214561334.25998986,0.9999999999999883,2.5033950805664062e-06,FALSE
03357008,"Bremervörde, Stadt",149938240.3322069,Bremervörde,149938240.33220863,0.9999999999999885,1.7285346984863281e-6,FALSE
12069537,Rosenau,49729511.314947024,Rosenau,49729511.31494759,0.9999999999999886,5.662441253662109e-7,FALSE
12072240,"Ludwigsfelde, Stadt",110371846.03748678,Ludwigsfelde,110371846.037488,0.9999999999999889,1.2218952178955078e-6,FALSE
01061045,Huje,5545814.916863181,Huje,5545814.916863242,0.9999999999999889,6.146728992462158e-8,FALSE
12063088,"Friesack, Stadt",84541496.23475169,Friesack,84541496.23475263,0.9999999999999889,9.387731552124023e-7,FALSE
14522350,"Lunzenau, Stadt",28121157.817219935,Lunzenau,28121157.817220245,0.999999999999989,3.0919909477233887e-7,FALSE
15088319,Salzatal,110097013.90878272,Salzatal,110097013.90878393,0.999999999999989,1.2069940567016602e-6,FALSE
01053022,Dalldorf,6088334.982582036,Dalldorf,6088334.982582103,0.999999999999989,6.705522537231445e-8,FALSE
16064004,"Bad Tennstedt, Stadt",27487298.077159286,Bad Tennstedt,27487298.077159584,0.9999999999999891,2.980232238769531e-7,FALSE
14522210,"Großschirma, Stadt",60840797.64450855,Großschirma,60840797.64450919,0.9999999999999895,6.407499313354492e-7,FALSE
01061072,Münsterdorf,5127199.219461355,Münsterdorf,5127199.219461409,0.9999999999999895,5.4016709327697754e-8,FALSE
12067040,Berkenbrück,18065164.542990476,Berkenbrück,18065164.542990666,0.9999999999999895,1.8998980522155762e-7,FALSE
15089305,"Schönebeck (Elbe), Stadt",86651504.83816099,Schönebeck (Elbe),86651504.83816189,0.9999999999999897,8.940696716308594e-7,FALSE
12063260,"Rhinow, Stadt",31837856.508433476,Rhinow,31837856.508433804,0.9999999999999897,3.2782554626464844e-7,FALSE
15084565,Wetterzeube,41934541.89197396,Wetterzeube,41934541.89197438,0.9999999999999899,4.246830940246582e-7,FALSE
15090007,Altmärkische Höhe,99821898.4053415,Altmärkische Höhe,99821898.40534252,0.9999999999999899,1.0132789611816406e-6,FALSE
15084550,"Weißenfels, Stadt",113730963.21805067,Weißenfels,113730963.21805179,0.9999999999999901,1.1175870895385742e-6,FALSE
03355032,Rullstorf,22705490.78827492,Rullstorf,22705490.788275145,0.9999999999999901,2.2351741790771484e-7,FALSE
15003000,"Magdeburg, Landeshauptstadt",201019439.0296059,Magdeburg,201019439.02960786,0.9999999999999902,1.9669532775878906e-6,FALSE
15085185,Huy,167754286.227194,Huy,167754286.22719565,0.9999999999999902,1.6391277313232422e-6,FALSE
12062224,"Herzberg (Elster), Stadt",149470443.50749907,Herzberg (Elster),149470443.50750053,0.9999999999999902,1.4603137969970703e-6,FALSE
03352025,Ihlienworth,40263231.485407,Ihlienworth,40263231.48540739,0.9999999999999903,3.8743019104003906e-7,FALSE
03359038,"Stade, Hansestadt",100012094.83540052,Stade,100012094.83540148,0.9999999999999905,9.5367431640625e-7,FALSE
03359039,Steinkirchen,8591791.077775775,Steinkirchen,8591791.077775855,0.9999999999999907,8.009374141693115e-8,FALSE
15090245,Hohenberg-Krusemark,63950074.73639834,Hohenberg-Krusemark,63950074.736398935,0.9999999999999907,5.9604644775390625e-07,FALSE
12065100,"Gransee, Stadt",121765707.2539442,Gransee,121765707.25394532,0.9999999999999908,1.1175870895385742e-6,FALSE
13076053,Grebs-Niendorf,31186526.121915035,Grebs-Niendorf,31186526.12191532,0.9999999999999908,2.868473529815674e-7,FALSE
03355049,Amt Neuhaus,237864004.55825824,Amt Neuhaus,237864004.5582604,0.9999999999999909,2.175569534301758e-6,FALSE
01061041,Hohenfelde,17807054.128859,Hohenfelde,17807054.12885916,0.999999999999991,1.601874828338623e-7,FALSE
14523450,Weischlitz,121919928.49884625,Weischlitz,121919928.49884735,0.999999999999991,1.1026859283447266e-6,FALSE
12066176,"Lauchhammer, Stadt",89364500.39881167,Lauchhammer,89364500.39881246,0.9999999999999911,7.897615432739258e-7,FALSE
01051011,"Brunsbüttel, Stadt",49819003.9850199,Brunsbüttel,49819003.98502033,0.9999999999999913,4.3213367462158203e-7,FALSE
15090610,"Werben (Elbe), Hansestadt",53294556.634917,Werben (Elbe),53294556.63491746,0.9999999999999913,4.6193599700927734e-7,FALSE
14521670,"Wolkenstein, Stadt",30095422.232806586,Wolkenstein,30095422.232806846,0.9999999999999913,2.60770320892334e-7,FALSE
12065136,"Hennigsdorf, Stadt",30730259.606725723,Hennigsdorf,30730259.606725983,0.9999999999999916,2.60770320892334e-7,FALSE
12062232,Hirschfeld,20331321.41382718,Hirschfeld,20331321.413827352,0.9999999999999916,1.7136335372924805e-7,FALSE
15089055,"Calbe (Saale), Stadt",57425951.03109617,Calbe (Saale),57425951.03109665,0.9999999999999916,4.842877388000488e-7,FALSE
14730270,"Schkeuditz, Stadt",80324651.47217065,Schkeuditz,80324651.47217132,0.9999999999999917,6.705522537231445e-7,FALSE
03352046,"Otterndorf, Stadt",33956318.90340075,Otterndorf,33956318.90340103,0.9999999999999917,2.8312206268310547e-7,FALSE
15088205,"Leuna, Stadt",87605623.53928058,Leuna,87605623.53928131,0.9999999999999917,7.301568984985352e-7,FALSE
01061044,Horst (Holstein),29036205.726771742,Horst (Holstein),29036205.72677198,0.9999999999999918,2.384185791015625e-7,FALSE
15090135,Eichstedt (Altmark),33096927.482174613,Eichstedt (Altmark),33096927.482174885,0.9999999999999918,2.7194619178771973e-7,FALSE
12070424,"Wittenberge, Stadt",50422521.37800159,Wittenberge,50422521.378002,0.9999999999999919,4.0978193283081055e-7,FALSE
16077036,Nobitz,100760296.61003578,Nobitz,100760296.6100366,0.9999999999999919,8.195638656616211e-7,FALSE
01061102,Stördorf,7208056.039715543,Stördorf,7208056.0397156,0.9999999999999921,5.681067705154419e-8,FALSE
01061077,Nortorf,19760226.625098642,Nortorf,19760226.625098795,0.9999999999999922,1.5273690223693848e-7,FALSE
12070296,"Perleberg, Stadt",138624646.22123906,Perleberg,138624646.22124013,0.9999999999999922,1.0728836059570312e-06,FALSE
01061106,Vaalermoor,6202368.167585563,Vaalermoor,6202368.1675856095,0.9999999999999925,4.6566128730773926e-8,FALSE
13076090,"Ludwigslust, Stadt",78675923.22125247,Ludwigslust,78675923.22125305,0.9999999999999926,5.811452865600586e-7,FALSE
15083565,"Wolmirstedt, Stadt",54729728.17133789,Wolmirstedt,54729728.17133828,0.9999999999999928,3.948807716369629e-7,FALSE
16074092,Silbitz,11499154.903250769,Silbitz,11499154.90325085,0.9999999999999929,8.195638656616211e-8,FALSE
01058009,Aukrug,49904592.123152666,Aukrug,49904592.123153016,0.999999999999993,3.501772880554199e-7,FALSE
03354005,"Gartow, Flecken",28379982.98069286,Gartow,28379982.980693057,0.999999999999993,1.9744038581848145e-7,FALSE
13076125,Siggelkow,55496241.969700694,Siggelkow,55496241.96970108,0.999999999999993,3.8743019104003906e-7,FALSE
15083030,Angern,64369450.01342383,Angern,64369450.01342427,0.9999999999999931,4.3958425521850586e-7,FALSE
01061026,Elskop,7139433.837334383,Elskop,7139433.837334432,0.9999999999999932,4.842877388000488e-8,FALSE
03359016,Estorf,29452008.46734263,Estorf,29452008.467342824,0.9999999999999934,1.9371509552001953e-7,FALSE
15083440,Rogätz,24049686.69162786,Rogätz,24049686.691628017,0.9999999999999934,1.564621925354004e-7,FALSE
14729430,"Zwenkau, Stadt",46358871.976481795,Zwenkau,46358871.9764821,0.9999999999999934,3.0547380447387695e-7,FALSE
12065198,Löwenberger Land,245462895.6625941,Löwenberger Land,245462895.6625957,0.9999999999999936,1.5795230865478516e-6,FALSE
03352036,Mittelstenahe,33789268.795219965,Mittelstenahe,33789268.79522018,0.9999999999999936,2.1606683731079102e-7,FALSE
03354010,Höhbeck,19520250.879640296,Höhbeck,19520250.879640423,0.9999999999999936,1.2665987014770508e-7,FALSE
13076046,Göhlen,33994605.6510597,Göhlen,33994605.65105992,0.9999999999999937,2.1606683731079102e-7,FALSE
01058007,Arpsdorf,12052928.258576129,Arpsdorf,12052928.258576203,0.9999999999999938,7.450580596923828e-8,FALSE
01061061,Lägerdorf,6017422.051195689,Lägerdorf,6017422.051195726,0.9999999999999938,3.725290298461914e-8,FALSE
14524310,"Wildenfels, Stadt",20947435.81555167,Wildenfels,20947435.8155518,0.9999999999999938,1.30385160446167e-7,FALSE
03353023,Marschacht,26201655.31544724,Marschacht,26201655.315447405,0.9999999999999938,1.6391277313232422e-7,FALSE
15091110,"Gräfenhainichen, Stadt",160149892.23009512,Gräfenhainichen,160149892.23009607,0.999999999999994,9.5367431640625e-7,FALSE
12063202,Mühlenberge,39770693.24793497,Mühlenberge,39770693.247935206,0.999999999999994,2.384185791015625e-7,FALSE
14627230,"Riesa, Stadt",58836632.36529145,Riesa,58836632.3652918,0.999999999999994,3.501772880554199e-7,FALSE
13076120,Rom,33739788.278346,Rom,33739788.2783462,0.999999999999994,2.0116567611694336e-7,FALSE
14713000,"Leipzig, Stadt",299088853.71073794,Leipzig,299088853.71073973,0.999999999999994,1.7881393432617188e-06,FALSE
14627360,Zeithain,81605776.37162033,Zeithain,81605776.3716208,0.9999999999999941,4.76837158203125e-7,FALSE
16075035,Gössitz,12742099.088479206,Gössitz,12742099.08847928,0.9999999999999941,7.450580596923828e-8,FALSE
12066272,"Ruhland, Stadt",37189312.92102785,Ruhland,37189312.92102806,0.9999999999999942,2.1606683731079102e-7,FALSE
15001000,"Dessau-Roßlau, Stadt",246351623.04511434,Dessau-Roßlau,246351623.04511574,0.9999999999999943,1.4007091522216797e-6,FALSE
15089030,"Bernburg (Saale), Stadt",114052712.15939647,Bernburg (Saale),114052712.15939711,0.9999999999999943,6.407499313354492e-7,FALSE
14730160,Laußig,103823560.27216502,Laußig,103823560.27216558,0.9999999999999946,5.662441253662109e-7,FALSE
14627010,"Coswig, Stadt",26126891.161102362,Coswig,26126891.1611025,0.9999999999999947,1.3783574104309082e-7,FALSE
15083120,Burgstall,117254993.91869786,Burgstall,117254993.91869847,0.9999999999999948,6.109476089477539e-7,FALSE
12061112,Eichwalde,2832709.8299547285,Eichwalde,2832709.8299547434,0.9999999999999948,1.4901161193847656e-8,FALSE
11000000,"Berlin, Stadt",893023743.1274015,Berlin,893023743.1274061,0.9999999999999948,4.649162292480469e-6,FALSE
14729160,"Grimma, Stadt",218262734.23365146,Grimma,218262734.2336526,0.9999999999999948,1.1324882507324219e-6,FALSE
14730045,"Belgern-Schildau, Stadt",159176175.18773356,Belgern-Schildau,159176175.1877344,0.9999999999999948,8.3446502685546875e-07,FALSE
03352044,Osten,47849840.12917036,Osten,47849840.1291706,0.999999999999995,2.384185791015625e-7,FALSE
14730140,Jesewitz,52617272.90102931,Jesewitz,52617272.90102957,0.999999999999995,2.60770320892334e-7,FALSE
03352039,"Neuhaus (Oste), Flecken",9842364.398027007,Neuhaus (Oste),9842364.398027055,0.9999999999999951,4.842877388000488e-8,FALSE
15091375,"Wittenberg, Lutherstadt",242070715.93641847,Wittenberg,242070715.93641967,0.9999999999999951,1.1920928955078125e-6,FALSE
13076030,Dersenow,22443987.3500117,Dersenow,22443987.350011803,0.9999999999999953,1.043081283569336e-7,FALSE
03352041,Nordleda,21315494.84257502,Nordleda,21315494.842575118,0.9999999999999954,9.685754776000977e-8,FALSE
14729080,"Colditz, Stadt",84960356.61379199,Colditz,84960356.61379237,0.9999999999999954,3.8743019104003906e-7,FALSE
12062282,Kremitzaue,23560664.704394955,Kremitzaue,23560664.704395063,0.9999999999999954,1.0803341865539551e-7,FALSE
15088295,Petersberg,102979201.8306474,Petersberg,102979201.83064786,0.9999999999999956,4.6193599700927734e-7,FALSE
15086015,"Burg, Stadt",165725038.9281871,Burg,165725038.92818782,0.9999999999999957,7.152557373046875e-7,FALSE
12072426,"Trebbin, Stadt",126803367.34115797,Trebbin,126803367.34115852,0.9999999999999957,5.513429641723633e-7,FALSE
03360002,"Bad Bevensen, Stadt",48140251.444428936,Bad Bevensen,48140251.44442914,0.9999999999999958,2.0116567611694336e-7,FALSE
03352051,Steinau,36028682.80064311,Steinau,36028682.80064326,0.9999999999999959,1.4901161193847656e-7,FALSE
03357002,Alfstedt,16139641.725738648,Alfstedt,16139641.725738715,0.9999999999999959,6.705522537231445e-8,FALSE
12069541,Roskow,39287218.17786919,Roskow,39287218.17786935,0.999999999999996,1.564621925354004e-7,FALSE
15087165,"Gerbstedt, Stadt",102354651.5951088,Gerbstedt,102354651.59510921,0.9999999999999961,4.023313522338867e-7,FALSE
12069306,Kloster Lehnin,200920136.89853334,Kloster Lehnin,200920136.8985341,0.9999999999999963,7.450580596923828e-7,FALSE
15090485,Schollene,65622886.191423126,Schollene,65622886.191423364,0.9999999999999963,2.384185791015625e-7,FALSE
16068064,Kindelbrück,64497659.14087819,Kindelbrück,64497659.140878424,0.9999999999999964,2.3096799850463867e-7,FALSE
03355009,"Bleckede, Stadt",140428645.90070543,Bleckede,140428645.90070593,0.9999999999999964,5.066394805908203e-7,FALSE
01061016,Breitenberg,3040914.999439167,Breitenberg,3040914.9994391776,0.9999999999999964,1.0710209608078003e-8,FALSE
14522080,"Döbeln, Stadt",91232608.06829467,Döbeln,91232608.068295,0.9999999999999964,3.2782554626464844e-7,FALSE
14730120,Elsnig,37026728.722826384,Elsnig,37026728.72282651,0.9999999999999966,1.2665987014770508e-7,FALSE
12063148,"Ketzin/Havel, Stadt",93901650.97202489,Ketzin/Havel,93901650.97202522,0.9999999999999966,3.2782554626464844e-7,FALSE
15084130,Elsteraue,80483183.11953975,Elsteraue,80483183.11954002,0.9999999999999967,2.682209014892578e-7,FALSE
01058044,Ehndorf,14678370.18408864,Ehndorf,14678370.184088688,0.9999999999999967,4.842877388000488e-8,FALSE
14522510,"Roßwein, Stadt",44606404.11931272,Roßwein,44606404.11931287,0.9999999999999967,1.4901161193847656e-7,FALSE
12062128,"Falkenberg/Elster, Stadt",82069829.47278112,Falkenberg/Elster,82069829.47278139,0.9999999999999968,2.682209014892578e-7,FALSE
13076106,Nostorf,19990126.125652388,Nostorf,19990126.12565245,0.9999999999999968,6.332993507385254e-8,FALSE
12072312,Nuthe-Urstromtal,341614674.88783115,Nuthe-Urstromtal,341614674.8878322,0.9999999999999969,1.0728836059570312e-06,FALSE
03359026,Hollern-Twielenfleth,17708013.179927867,Hollern-Twielenfleth,17708013.179927923,0.9999999999999969,5.587935447692871e-8,FALSE
03360004,Bienenbüttel,99488670.05538382,Bienenbüttel,99488670.05538411,0.999999999999997,2.980232238769531e-7,FALSE
14729260,"Markkleeberg, Stadt",31294371.48188507,Markkleeberg,31294371.481885165,0.999999999999997,9.313225746154785e-8,FALSE
03354018,"Lüchow (Wendland), Stadt",89200599.56913242,Lüchow (Wendland),89200599.56913269,0.999999999999997,2.682209014892578e-7,FALSE
13076069,Karstädt,19717514.761813216,Karstädt,19717514.76181327,0.9999999999999971,5.587935447692871e-8,FALSE
03359023,"Harsefeld, Flecken",52010606.29360148,Harsefeld,52010606.29360163,0.9999999999999971,1.4901161193847656e-7,FALSE
01061118,Kollmar,25531602.062536,Kollmar,25531602.062536076,0.9999999999999971,7.450580596923828e-8,FALSE
15086035,Elbe-Parey,109173497.3080813,Elbe-Parey,109173497.3080816,0.9999999999999972,2.980232238769531e-7,FALSE
12070246,Lenzerwische,42129893.850591645,Lenzerwische,42129893.850591764,0.9999999999999972,1.1920928955078125e-7,FALSE
12069656,"Werder (Havel), Stadt",117238083.59107466,Werder (Havel),117238083.59107499,0.9999999999999972,3.2782554626464844e-7,FALSE
16065088,"An der Schmücke, Stadt",95013330.85967566,An der Schmücke,95013330.85967593,0.9999999999999972,2.682209014892578e-7,FALSE
12063252,"Rathenow, Stadt",113331297.0500873,Rathenow,113331297.0500876,0.9999999999999973,2.980232238769531e-7,FALSE
16064005,Ballhausen,14758485.728867792,Ballhausen,14758485.728867829,0.9999999999999974,3.725290298461914e-8,FALSE
12068109,Dreetz,64804566.767989114,Dreetz,64804566.76798928,0.9999999999999974,1.6391277313232422e-7,FALSE
15090010,"Arneburg, Stadt",31235481.42606896,Arneburg,31235481.426069036,0.9999999999999977,7.450580596923828e-8,FALSE
03359028,Jork,53147595.539435565,Jork,53147595.539435685,0.9999999999999978,1.1920928955078125e-7,FALSE
01061028,Fitzbek,10280687.149251767,Fitzbek,10280687.149251789,0.9999999999999978,2.2351741790771484e-8,FALSE
01061031,Gribbohm,13124852.10259007,Gribbohm,13124852.102590099,0.9999999999999978,2.9802322387695312e-08,FALSE
16074011,"Dornburg-Camburg, Stadt",30961731.808613516,Dornburg-Camburg,30961731.808613583,0.9999999999999978,6.705522537231445e-8,FALSE
15090500,Schönhausen (Elbe),74543683.28672145,Schönhausen (Elbe),74543683.28672162,0.9999999999999978,1.6391277313232422e-7,FALSE
12061192,Groß Köris,69088656.33213323,Groß Köris,69088656.33213338,0.9999999999999979,1.4901161193847656e-7,FALSE
03355026,Neetze,26931703.77428075,Neetze,26931703.774280805,0.9999999999999979,5.587935447692871e-8,FALSE
03354003,Damnatz,16373217.869507134,Damnatz,16373217.86950717,0.9999999999999979,3.5390257835388184e-8,FALSE
01061008,Bekdorf,1804980.1532210484,Bekdorf,1804980.1532210521,0.9999999999999979,3.725290298461914e-9,FALSE
01061029,"Glückstadt, Stadt",12678390.330867846,Glückstadt,12678390.330867872,0.9999999999999979,2.60770320892334e-8,FALSE
13076094,Malliß,25193462.86791575,Malliß,25193462.8679158,0.9999999999999979,5.21540641784668e-8,FALSE
13076018,Bresegard bei Eldena,11143815.29555139,Bresegard bei Eldena,11143815.295551412,0.999999999999998,2.2351741790771484e-8,FALSE
15091020,"Bad Schmiedeberg, Stadt",161264283.8893094,Bad Schmiedeberg,161264283.8893097,0.9999999999999981,2.980232238769531e-7,FALSE
14729030,Bennewitz,46878836.64596775,Bennewitz,46878836.64596784,0.9999999999999981,8.940696716308594e-8,FALSE
14729050,"Borna, Stadt",62812956.618128,Borna,62812956.61812812,0.9999999999999981,1.1920928955078125e-7,FALSE
01061023,Dammfleth,16414283.396460183,Dammfleth,16414283.396460213,0.9999999999999982,2.9802322387695312e-08,FALSE
15087125,Edersleben,9134917.871606886,Edersleben,9134917.871606901,0.9999999999999983,1.4901161193847656e-8,FALSE
14625120,Elsterheide / Halštrowska Hola,127662995.54836424,Elsterheide,127662995.54836445,0.9999999999999983,2.086162567138672e-7,FALSE
15089235,"Nienburg (Saale), Stadt",79383374.10226229,Nienburg (Saale),79383374.10226241,0.9999999999999984,1.1920928955078125e-7,FALSE
15081240,"Kalbe (Milde), Stadt",273388307.47032446,Kalbe (Milde),273388307.4703249,0.9999999999999984,4.172325134277344e-7,FALSE
12069688,Wusterwitz,23864482.923136942,Wusterwitz,23864482.92313698,0.9999999999999984,3.725290298461914e-8,FALSE
16068053,Straußfurt,21957904.249343544,Straußfurt,21957904.249343574,0.9999999999999987,2.9802322387695312e-08,FALSE
14730050,Cavertitz,69220466.0235014,Cavertitz,69220466.02350149,0.9999999999999987,8.940696716308594e-8,FALSE
12070236,Lanz,60770781.98970912,Lanz,60770781.9897092,0.9999999999999987,8.195638656616211e-8,FALSE
13076017,Brenz,12654634.159036122,Brenz,12654634.159036139,0.9999999999999987,1.6763806343078613e-8,FALSE
16077007,Gerstenberg,3132022.8779504187,Gerstenberg,3132022.8779504225,0.9999999999999988,3.725290298461914e-9,FALSE
03359030,Krummendeich,30095423.48049257,Krummendeich,30095423.4804926,0.999999999999999,2.9802322387695312e-08,FALSE
15086040,"Genthin, Stadt",232345814.95029473,Genthin,232345814.95029494,0.9999999999999991,2.086162567138672e-7,FALSE
15083320,Hötensleben,60781460.65682201,Hötensleben,60781460.656822056,0.9999999999999992,4.470348358154297e-8,FALSE
15086080,"Jerichow, Stadt",271871166.01154,Jerichow,271871166.0115402,0.9999999999999993,1.7881393432617188e-07,FALSE
13076108,"Parchim, Stadt",124842063.19922486,Parchim,124842063.19922495,0.9999999999999993,8.940696716308594e-8,FALSE
13071176,Südmüritz,69521651.59671193,Südmüritz,69521651.59671196,0.9999999999999996,2.9802322387695312e-08,FALSE
01061115,Wittenbergen,4565265.492505506,Wittenbergen,4565265.492505508,0.9999999999999996,1.862645149230957e-9,FALSE
12068117,Fehrbellin,269809478.47213596,Fehrbellin,269809478.4721361,0.9999999999999996,1.1920928955078125e-7,FALSE
13076103,Neu Kaliß,34292865.86534828,Neu Kaliß,34292865.865348294,0.9999999999999996,1.4901161193847656e-8,FALSE
16065003,"Bad Frankenhausen/Kyffhäuser, Stadt",91109138.21694882,Bad Frankenhausen/Kyffhäuser,91109138.21694887,0.9999999999999996,4.470348358154297e-8,FALSE
12070008,"Bad Wilsnack, Stadt",79705672.07947843,Bad Wilsnack,79705672.07947846,0.9999999999999997,2.9802322387695312e-08,FALSE
01061116,Wrist,10045281.120162956,Wrist,10045281.12016296,0.9999999999999997,3.725290298461914e-9,FALSE
12069454,Nuthetal,48492811.13124997,Nuthetal,48492811.13124999,0.9999999999999997,1.4901161193847656e-8,FALSE
14522220,Großweitzschen,44373569.65298101,Großweitzschen,44373569.65298103,0.9999999999999997,1.4901161193847656e-8,FALSE
12068409,Sieversdorf-Hohenofen,20011138.332761712,Sieversdorf-Hohenofen,20011138.33276172,0.9999999999999997,7.450580596923828e-9,FALSE
15002000,"Halle (Saale), Stadt",135858053.42722595,Halle (Saale),135858053.42722595,1,0,FALSE
01061063,Landscheide,7471946.212688744,Landscheide,7471946.212688744,1,0,FALSE
15089015,"Aschersleben, Stadt",157042636.245704,Aschersleben,157042636.245704,1,0,FALSE
03359004,Balje,58446108.64538962,Balje,58446108.6453896,1.0000000000000002,-1.4901161193847656e-8,FALSE
03354008,Gusborn,48491376.01329377,Gusborn,48491376.01329376,1.0000000000000002,-1.4901161193847656e-8,FALSE
01061037,Herzhorn,12547301.271520019,Herzhorn,12547301.271520017,1.0000000000000002,-1.862645149230957e-9,FALSE
14522060,"Burgstädt, Stadt",25841214.81415509,Burgstädt,25841214.814155083,1.0000000000000002,-7.450580596923828e-9,FALSE
12071032,Burg (Spreewald)/Bórkowy (Błota),35368051.73040277,Burg (Spreewald),35368051.73040276,1.0000000000000002,-7.450580596923828e-9,FALSE
02000000,"Hamburg, Freie und Hansestadt",742109107.0919198,Hamburg,742109107.0919194,1.0000000000000004,-3.5762786865234375e-7,FALSE
13071138,Silz,10677284.917102616,Silz,10677284.917102613,1.0000000000000004,-3.725290298461914e-9,FALSE
16071101,Ilmtal-Weinstraße,84670578.55677065,Ilmtal-Weinstraße,84670578.55677061,1.0000000000000004,-4.470348358154297e-8,FALSE
12067288,Langewahl,13380797.535019718,Langewahl,13380797.535019713,1.0000000000000004,-5.587935447692871e-9,FALSE
12061061,Byhleguhre-Byhlen/Beła Góra-Bělin,35807579.8717362,Byhleguhre-Byhlen,35807579.871736184,1.0000000000000004,-1.4901161193847656e-8,FALSE
12066196,"Lübbenau/Spreewald / Lubnjow/Błota, Stadt",139475729.36291808,Lübbenau/Spreewald,139475729.36291802,1.0000000000000004,-5.960464477539063e-8,FALSE
03352020,Hechthausen,30700812.16132708,Hechthausen,30700812.16132706,1.0000000000000007,-1.862645149230957e-8,FALSE
03355022,"Lüneburg, Hansestadt",71033121.37965919,Lüneburg,71033121.37965915,1.0000000000000007,-4.470348358154297e-8,FALSE
15085235,"Quedlinburg, Welterbestadt",120983155.29039931,Quedlinburg,120983155.29039924,1.0000000000000007,-7.450580596923828e-8,FALSE
12070302,Plattenburg,201744714.04526603,Plattenburg,201744714.0452659,1.0000000000000007,-1.1920928955078125e-7,FALSE
15090310,Klietz,66361888.75843373,Klietz,66361888.75843367,1.0000000000000009,-5.960464477539063e-8,FALSE
14522310,"Leisnig, Stadt",78127693.60088941,Leisnig,78127693.60088934,1.0000000000000009,-7.450580596923828e-8,FALSE
14730070,"Delitzsch, Stadt",86307257.04627419,Delitzsch,86307257.04627408,1.000000000000001,-1.043081283569336e-7,FALSE
15089195,"Könnern, Stadt",125584535.19015814,Könnern,125584535.19015801,1.000000000000001,-1.341104507446289e-7,FALSE
01061005,Auufer,5175700.841648951,Auufer,5175700.841648946,1.000000000000001,-5.587935447692871e-9,FALSE
01061025,Ecklak,15564303.833381241,Ecklak,15564303.833381223,1.000000000000001,-1.862645149230957e-8,FALSE
03357057,"Zeven, Stadt",74062264.05971551,Zeven,74062264.05971542,1.000000000000001,-8.940696716308594e-8,FALSE
12051000,"Brandenburg an der Havel, Stadt",229676220.47988763,Brandenburg an der Havel,229676220.47988734,1.0000000000000013,-2.980232238769531e-7,FALSE
15090535,"Stendal, Hansestadt",269482844.16487086,Stendal,269482844.1648705,1.0000000000000013,-3.5762786865234375e-7,FALSE
13071045,Gotthun,10031714.719820201,Gotthun,10031714.719820186,1.0000000000000016,-1.4901161193847656e-8,FALSE
14521690,"Zschopau, Stadt, Motorradstadt",22981602.500643395,Zschopau,22981602.50064336,1.0000000000000016,-3.3527612686157227e-8,FALSE
16064022,Herbsleben,25017104.63188465,Herbsleben,25017104.631884605,1.0000000000000018,-4.470348358154297e-8,FALSE
12069017,"Beelitz, Stadt",181455267.8363405,Beelitz,181455267.83634016,1.0000000000000018,-3.2782554626464844e-7,FALSE
14522540,Striegistal,77063893.43353267,Striegistal,77063893.43353254,1.0000000000000018,-1.341104507446289e-7,FALSE
13076019,Bresegard bei Picher,16581224.118175834,Bresegard bei Picher,16581224.118175805,1.0000000000000018,-2.9802322387695312e-08,FALSE
16067067,Tonna,30540085.398235157,Tonna,30540085.398235098,1.000000000000002,-5.960464477539063e-8,FALSE
16076012,Caaschwitz,4097838.248993418,Caaschwitz,4097838.24899341,1.000000000000002,-8.381903171539307e-9,FALSE
13076049,Gorlosen,53231150.548963144,Gorlosen,53231150.54896304,1.000000000000002,-1.043081283569336e-7,FALSE
03354004,"Dannenberg (Elbe), Stadt",76606140.51296897,Dannenberg (Elbe),76606140.51296881,1.0000000000000022,-1.6391277313232422e-7,FALSE
12065356,"Zehdenick, Stadt",223552572.95760968,Zehdenick,223552572.9576092,1.0000000000000022,-4.76837158203125e-7,FALSE
01053032,"Geesthacht, Stadt",33146931.691903114,Geesthacht,33146931.69190304,1.0000000000000022,-7.450580596923828e-8,FALSE
15082430,"Zerbst/Anhalt, Stadt",470995786.36171037,Zerbst/Anhalt,470995786.36170936,1.0000000000000022,-1.0132789611816406e-6,FALSE
15090070,"Bismark (Altmark), Stadt",290854038.4062989,Bismark (Altmark),290854038.40629816,1.0000000000000024,-7.152557373046875e-7,FALSE
15085135,"Halberstadt, Stadt",143084427.5469948,Halberstadt,143084427.54699445,1.0000000000000024,-3.5762786865234375e-7,FALSE
01056033,Seester,11785529.117236853,Seester,11785529.117236823,1.0000000000000024,-2.9802322387695312e-08,FALSE
01061095,Sankt Margarethen,10907148.4857257,Sankt Margarethen,10907148.485725671,1.0000000000000027,-2.9802322387695312e-08,FALSE
14627240,Röderaue,28587286.22867225,Röderaue,28587286.228672177,1.0000000000000027,-7.450580596923828e-8,FALSE
15084315,"Lützen, Stadt",97101429.97719373,Lützen,97101429.97719347,1.0000000000000027,-2.5331974029541016e-7,FALSE
12063142,Wiesenaue,46856932.740414344,Wiesenaue,46856932.74041422,1.0000000000000027,-1.2665987014770508e-7,FALSE
01056050,"Wedel, Stadt",28219950.723893486,Wedel,28219950.72389341,1.0000000000000027,-7.450580596923828e-8,FALSE
03353032,Stelle,38492330.25085419,Stelle,38492330.25085408,1.0000000000000027,-1.043081283569336e-7,FALSE
13076050,"Grabow, Stadt",72336024.30337751,Grabow,72336024.30337732,1.0000000000000027,-1.9371509552001953e-7,FALSE
03359035,Oederquart,37724566.29746631,Oederquart,37724566.297466196,1.0000000000000029,-1.1175870895385742e-7,FALSE
03359018,"Freiburg (Elbe), Flecken",26092407.307837002,Freiburg (Elbe),26092407.30783692,1.000000000000003,-8.195638656616211e-8,FALSE
14625570,Spreetal / Sprjewiny Doł,109091756.93335515,Spreetal,109091756.93335482,1.000000000000003,-3.2782554626464844e-7,FALSE
01061070,Moorhusen,4680819.072597712,Moorhusen,4680819.072597697,1.000000000000003,-1.4901161193847656e-8,FALSE
15090180,Goldbeck,26869771.032547623,Goldbeck,26869771.03254754,1.000000000000003,-8.195638656616211e-8,FALSE
03354025,Woltersdorf,28139327.34471259,Woltersdorf,28139327.344712503,1.000000000000003,-8.568167686462402e-8,FALSE
15090546,"Tangerhütte, Stadt",296949495.3478367,Tangerhütte,296949495.3478358,1.000000000000003,-8.940696716308594e-7,FALSE
12070241,Legde/Quitzöbel,41819617.77546193,Legde/Quitzöbel,41819617.7754618,1.000000000000003,-1.2665987014770508e-7,FALSE
14521270,Grünhainichen,28862952.942898035,Grünhainichen,28862952.942897946,1.000000000000003,-8.940696716308594e-8,FALSE
12066064,Frauendorf,20849051.531904526,Frauendorf,20849051.531904455,1.0000000000000033,-7.078051567077637e-8,FALSE
12070060,Cumlosen,22136539.600718617,Cumlosen,22136539.600718543,1.0000000000000033,-7.450580596923828e-8,FALSE
16075062,"Bad Lobenstein, Stadt",49171760.819631174,Bad Lobenstein,49171760.81963101,1.0000000000000033,-1.6391277313232422e-7,FALSE
16071015,Eberstedt,4115704.669407415,Eberstedt,4115704.6694074012,1.0000000000000033,-1.3969838619232178e-8,FALSE
01061073,Neuenbrook,14553179.083359603,Neuenbrook,14553179.083359554,1.0000000000000033,-4.842877388000488e-8,FALSE
12073384,"Lychen, Stadt",112161498.7990419,Lychen,112161498.79904152,1.0000000000000033,-3.725290298461914e-7,FALSE
15087015,"Allstedt, Stadt",149497962.79355898,Allstedt,149497962.79355845,1.0000000000000036,-5.364418029785156e-7,FALSE
15087412,Südharz,237698062.0650504,Südharz,237698062.06504953,1.0000000000000036,-8.642673492431641e-7,FALSE
16071001,"Apolda, Stadt",46276500.00416595,Apolda,46276500.00416577,1.0000000000000038,-1.7881393432617188e-07,FALSE
14522600,Zettlitz,15613710.21278391,Zettlitz,15613710.21278385,1.0000000000000038,-5.960464477539063e-8,FALSE
16065085,Kyffhäuserland,129109407.51909155,Kyffhäuserland,129109407.51909107,1.0000000000000038,-4.76837158203125e-7,FALSE
15085365,"Wegeleben, Stadt",51803398.393133625,Wegeleben,51803398.39313342,1.000000000000004,-2.086162567138672e-7,FALSE
13071036,Fünfseen,51514717.33507964,Fünfseen,51514717.33507943,1.000000000000004,-2.086162567138672e-7,FALSE
14729410,"Wurzen, Stadt",68968117.12620649,Wurzen,68968117.12620622,1.000000000000004,-2.682209014892578e-7,FALSE
01061079,Oelixdorf,10421112.123527132,Oelixdorf,10421112.12352709,1.0000000000000042,-4.284083843231201e-8,FALSE
15084355,"Naumburg (Saale), Stadt",130246898.55399172,Naumburg (Saale),130246898.55399118,1.0000000000000042,-5.364418029785156e-7,FALSE
15090520,"Seehausen (Altmark), Hansestadt",107495553.84168173,Seehausen (Altmark),107495553.84168127,1.0000000000000042,-4.6193599700927734e-7,FALSE
01051024,Eddelak,9422591.509592995,Eddelak,9422591.509592954,1.0000000000000044,-4.0978193283081055e-8,FALSE
13071001,Alt Schwerin,44381761.02719931,Alt Schwerin,44381761.02719912,1.0000000000000044,-1.9371509552001953e-7,FALSE
14524200,Mülsen,49108021.31470905,Mülsen,49108021.31470883,1.0000000000000044,-2.2351741790771484e-7,FALSE
01051077,Neufelderkoog,9758328.396937624,Neufelderkoog,9758328.396937579,1.0000000000000047,-4.470348358154297e-8,FALSE
13071093,"Malchow, Inselstadt",45040461.49018657,Malchow,45040461.49018636,1.0000000000000047,-2.086162567138672e-7,FALSE
15090550,"Tangermünde, Stadt",90718726.87507008,Tangermünde,90718726.87506966,1.0000000000000047,-4.172325134277344e-7,FALSE
01051003,Averlak,9015229.290474892,Averlak,9015229.290474847,1.0000000000000049,-4.470348358154297e-8,FALSE
12071341,Schmogrow-Fehrow/Smogorjow-Prjawoz,30425558.583853394,Schmogrow-Fehrow,30425558.583853245,1.0000000000000049,-1.4901161193847656e-7,FALSE
15085285,"Schwanebeck, Stadt",32944606.57600618,Schwanebeck,32944606.57600601,1.000000000000005,-1.7136335372924805e-7,FALSE
12062372,Plessa,52604423.31437421,Plessa,52604423.31437394,1.000000000000005,-2.682209014892578e-7,FALSE
01061040,Hohenaspe,14151459.028507035,Hohenaspe,14151459.028506964,1.000000000000005,-7.078051567077637e-8,FALSE
01053082,Lanze,9041642.841462767,Lanze,9041642.84146272,1.000000000000005,-4.6566128730773926e-8,FALSE
14729250,Machern,39068604.93483423,Machern,39068604.93483402,1.0000000000000053,-2.086162567138672e-7,FALSE
03352063,Cadenberge,30845858.2336288,Cadenberge,30845858.23362863,1.0000000000000053,-1.6763806343078613e-7,FALSE
01056019,Haselau,13848008.610910371,Haselau,13848008.610910298,1.0000000000000053,-7.264316082000732e-8,FALSE
16075134,Remptendorf,97383600.1745701,Remptendorf,97383600.17456956,1.0000000000000056,-5.364418029785156e-7,FALSE
14627310,Weinböhla,19129566.254647583,Weinböhla,19129566.25464748,1.0000000000000056,-1.043081283569336e-7,FALSE
12069018,Beetzsee,21334744.80675987,Beetzsee,21334744.806759752,1.0000000000000056,-1.1920928955078125e-7,FALSE
01053132,Witzeeze,10490476.353548037,Witzeeze,10490476.35354798,1.0000000000000056,-5.774199962615967e-8,FALSE
12061476,Straupitz (Spreewald)/Tšupc (Błota),21807438.76537866,Straupitz (Spreewald),21807438.76537854,1.0000000000000056,-1.2293457984924316e-7,FALSE
12068052,Breddin,44834002.06227438,Breddin,44834002.062274136,1.0000000000000056,-2.4586915969848633e-7,FALSE
13076136,Teldau,27728833.036026675,Teldau,27728833.036026523,1.0000000000000056,-1.5273690223693848e-7,FALSE
01056036,Moorrege,10959953.688143695,Moorrege,10959953.688143633,1.0000000000000056,-6.146728992462158e-8,FALSE
12065144,"Hohen Neuendorf, Stadt",49014227.565965414,Hohen Neuendorf,49014227.56596513,1.0000000000000058,-2.8312206268310547e-7,FALSE
16075098,"Schleiz, Stadt",108245226.35456632,Schleiz,108245226.3545657,1.0000000000000058,-6.258487701416016e-7,FALSE
12063293,Stechow-Ferchesar,51169638.88332983,Stechow-Ferchesar,51169638.88332954,1.0000000000000058,-2.905726432800293e-7,FALSE
14730010,Arzberg,58766112.04049753,Arzberg,58766112.040497184,1.0000000000000058,-3.427267074584961e-7,FALSE
13076009,Bengerstorf,33049640.001107935,Bengerstorf,33049640.00110774,1.0000000000000058,-1.9371509552001953e-7,FALSE
14522300,Kriebstein,31209092.964952722,Kriebstein,31209092.964952536,1.000000000000006,-1.862645149230957e-7,FALSE
15088330,Schkopau,99688497.68444934,Schkopau,99688497.68444873,1.0000000000000062,-6.109476089477539e-7,FALSE
12069216,Golzow,40231537.20454402,Golzow,40231537.20454377,1.0000000000000062,-2.5331974029541016e-7,FALSE
12069249,Groß Kreutz (Havel),99526644.91150519,Groß Kreutz (Havel),99526644.91150458,1.0000000000000062,-6.109476089477539e-7,FALSE
14729370,"Rötha, Stadt",46138160.320487335,Rötha,46138160.32048705,1.0000000000000062,-2.8312206268310547e-7,FALSE
15089041,Bördeaue,25624183.390924476,Bördeaue,25624183.390924316,1.0000000000000062,-1.601874828338623e-7,FALSE
03355033,Scharnebeck,27037799.216910426,Scharnebeck,27037799.21691025,1.0000000000000064,-1.7508864402770996e-7,FALSE
03354026,"Wustrow (Wendland), Stadt",30140763.218832254,Wustrow (Wendland),30140763.21883206,1.0000000000000064,-1.9371509552001953e-7,FALSE
15091241,"Oranienbaum-Wörlitz, Stadt",115899933.39697228,Oranienbaum-Wörlitz,115899933.39697148,1.0000000000000069,-8.046627044677734e-7,FALSE
09464000,Hof,58174074.52426028,Hof,58174074.52425988,1.0000000000000069,-4.023313522338867e-7,FALSE
12062410,Röderland,46885908.8182786,Röderland,46885908.81827827,1.000000000000007,-3.3527612686157227e-7,FALSE
03354023,Trebel,66885570.68710448,Trebel,66885570.687104,1.000000000000007,-4.76837158203125e-7,FALSE
03353031,Seevetal,105494795.92269301,Seevetal,105494795.92269227,1.000000000000007,-7.450580596923828e-7,FALSE
16071071,Oettern,3602385.033769414,Oettern,3602385.0337693878,1.0000000000000073,-2.60770320892334e-8,FALSE
03352024,Hollnseth,20900774.15364366,Hollnseth,20900774.153643504,1.0000000000000075,-1.564621925354004e-7,FALSE
01061089,Rade,3867472.471191618,Rade,3867472.471191589,1.0000000000000075,-2.9336661100387573e-8,FALSE
12063208,"Nauen, Stadt",268850815.32389057,Nauen,268850815.32388854,1.0000000000000075,-2.0265579223632812e-06,FALSE
12068324,"Neustadt (Dosse), Stadt",75664484.23327383,Neustadt (Dosse),75664484.23327327,1.0000000000000075,-5.662441253662109e-7,FALSE
14522480,Reinsberg,48765913.08128808,Reinsberg,48765913.081287704,1.0000000000000075,-3.725290298461914e-7,FALSE
15084445,Schönburg,14798621.051602503,Schönburg,14798621.05160239,1.0000000000000078,-1.1362135410308838e-7,FALSE
15089130,Giersleben,19957180.338311106,Giersleben,19957180.33831095,1.0000000000000078,-1.564621925354004e-7,FALSE
03353040,"Winsen (Luhe), Stadt",110031781.06794749,Winsen (Luhe),110031781.06794664,1.0000000000000078,-8.493661880493164e-7,FALSE
16071003,"Bad Berka, Stadt",54593402.287365966,Bad Berka,54593402.287365526,1.000000000000008,-4.3958425521850586e-7,FALSE
16052000,"Gera, Stadt",152278976.5491129,Gera,152278976.54911166,1.000000000000008,-1.2218952178955078e-6,FALSE
14523320,"Plauen, Stadt",101719133.12763458,Plauen,101719133.12763377,1.000000000000008,-8.195638656616211e-7,FALSE
03359009,Burweg,16255046.295608968,Burweg,16255046.295608833,1.0000000000000082,-1.341104507446289e-7,FALSE
15083040,Barleben,29937548.528559737,Barleben,29937548.52855949,1.0000000000000082,-2.4586915969848633e-7,FALSE
12067469,Spreenhagen,137738247.98115495,Spreenhagen,137738247.98115382,1.0000000000000082,-1.1324882507324219e-6,FALSE
15082241,Muldestausee,138658706.97639072,Muldestausee,138658706.97638956,1.0000000000000084,-1.1622905731201172e-6,FALSE
01061055,"Krempe, Stadt",3545808.7927399874,Krempe,3545808.7927399576,1.0000000000000084,-2.9802322387695312e-08,FALSE
13076145,Warlitz,23676572.62756057,Warlitz,23676572.627560373,1.0000000000000084,-1.9744038581848145e-7,FALSE
14522460,"Penig, Stadt",63608667.655880585,Penig,63608667.65588005,1.0000000000000084,-5.364418029785156e-7,FALSE
03352022,"Hemmoor, Stadt",45136113.488450706,Hemmoor,45136113.48845031,1.0000000000000087,-3.948807716369629e-7,FALSE
16071031,Hetschburg,2806792.266105907,Hetschburg,2806792.266105883,1.0000000000000087,-2.421438694000244e-8,FALSE
15091060,"Coswig (Anhalt), Stadt",297144551.4601035,Coswig (Anhalt),297144551.46010095,1.0000000000000087,-2.562999725341797e-6,FALSE
01061049,"Kellinghusen, Stadt",18788158.456523903,Kellinghusen,18788158.45652374,1.0000000000000087,-1.6391277313232422e-7,FALSE
15090415,"Osterburg (Altmark), Hansestadt",231322870.27737397,Osterburg (Altmark),231322870.27737197,1.0000000000000087,-1.996755599975586e-6,FALSE
15089365,Wolmirsleben,16869354.158058643,Wolmirsleben,16869354.158058494,1.0000000000000089,-1.4901161193847656e-7,FALSE
03352042,Oberndorf,32464128.55342233,Oberndorf,32464128.553422045,1.0000000000000089,-2.868473529815674e-7,FALSE
15089175,"Hecklingen, Stadt",96103947.9037694,Hecklingen,96103947.90376855,1.0000000000000089,-8.493661880493164e-7,FALSE
03359029,Kranenburg,14241579.451314636,Kranenburg,14241579.451314505,1.000000000000009,-1.30385160446167e-7,FALSE
16073077,"Saalfeld/Saale, Stadt",145607709.22119367,Saalfeld/Saale,145607709.22119236,1.000000000000009,-1.3113021850585938e-06,FALSE
14524180,"Limbach-Oberfrohna, Stadt",50092485.45446253,Limbach-Oberfrohna,50092485.45446207,1.0000000000000093,-4.6193599700927734e-7,FALSE
12067493,Tauche,121952418.6492553,Tauche,121952418.64925414,1.0000000000000095,-1.1622905731201172e-6,FALSE
15091160,"Kemberg, Stadt",237161020.8747534,Kemberg,237161020.8747511,1.0000000000000098,-2.294778823852539e-6,FALSE
16074026,Golmsdorf,7655135.661109358,Golmsdorf,7655135.661109284,1.0000000000000098,-7.450580596923828e-8,FALSE
09475181,Töpen,20760821.23068365,Töpen,20760821.230683446,1.0000000000000098,-2.0489096641540527e-7,FALSE
14627100,Klipphausen,112347451.21716872,Klipphausen,112347451.21716762,1.0000000000000098,-1.1026859283447266e-6,FALSE
01060063,"Norderstedt, Stadt",58647741.42068901,Norderstedt,58647741.420688435,1.0000000000000098,-5.736947059631348e-7,FALSE
12062124,"Elsterwerda, Stadt",40441722.63077572,Elsterwerda,40441722.63077532,1.00000000000001,-4.023313522338867e-7,FALSE
01061110,Wewelsfleth,17434047.59767765,Wewelsfleth,17434047.597677477,1.00000000000001,-1.7508864402770996e-7,FALSE
15083390,Niedere Börde,78188879.80222085,Niedere Börde,78188879.80222008,1.00000000000001,-7.748603820800781e-7,FALSE
15089026,"Barby, Stadt",154093416.53525028,Barby,154093416.53524873,1.00000000000001,-1.5497207641601562e-06,FALSE
16065016,Etzleben,6168455.449423695,Etzleben,6168455.4494236335,1.00000000000001,-6.146728992462158e-8,FALSE
01051012,Buchholz,14556561.41626957,Buchholz,14556561.416269422,1.0000000000000102,-1.4901161193847656e-7,FALSE
03353026,Neu Wulmstorf,56173035.82194778,Neu Wulmstorf,56173035.8219472,1.0000000000000104,-5.811452865600586e-7,FALSE
16068044,Riethnordhausen,12507221.293778494,Riethnordhausen,12507221.29377836,1.0000000000000107,-1.341104507446289e-7,FALSE
09475113,Berg,38731607.487259015,Berg,38731607.487258606,1.0000000000000107,-4.0978193283081055e-7,FALSE
01056029,Klein Nordende,10930418.524994269,Klein Nordende,10930418.524994152,1.0000000000000107,-1.1734664440155029e-7,FALSE
12071052,Drachhausen/Hochoza,38300791.51922822,Drachhausen,38300791.51922781,1.0000000000000107,-4.0978193283081055e-7,FALSE
14730180,Löbnitz,37284402.757531755,Löbnitz,37284402.757531345,1.0000000000000109,-4.0978193283081055e-7,FALSE
14625240,"Hoyerswerda / Wojerecy, Stadt",95962109.10188887,Hoyerswerda,95962109.10188779,1.000000000000011,-1.0728836059570312e-06,FALSE
12069590,Schwielowsee,58307568.46775253,Schwielowsee,58307568.467751876,1.0000000000000113,-6.556510925292969e-7,FALSE
03355007,Barum,9859128.192526922,Barum,9859128.19252681,1.0000000000000113,-1.1175870895385742e-7,FALSE
12052000,"Cottbus/Chóśebuz, Stadt",165456921.71632558,Cottbus,165456921.7163237,1.0000000000000113,-1.8775463104248047e-6,FALSE
13076093,Malk Göhren,22563558.963376448,Malk Göhren,22563558.963376194,1.0000000000000113,-2.5331974029541016e-7,FALSE
12063189,Milower Land,161322860.22034964,Milower Land,161322860.2203478,1.0000000000000115,-1.8477439880371094e-6,FALSE
13076058,Groß Laasch,27467259.645541325,Groß Laasch,27467259.64554101,1.0000000000000115,-3.166496753692627e-7,FALSE
12070125,Groß Pankow (Prignitz),250928782.20071596,Groß Pankow (Prignitz),250928782.20071307,1.0000000000000115,-2.8908252716064453e-6,FALSE
14522420,Niederwiesa,16599271.879801393,Niederwiesa,16599271.879801199,1.0000000000000118,-1.9371509552001953e-7,FALSE
15089042,Bördeland,92592309.36093812,Bördeland,92592309.36093703,1.0000000000000118,-1.087784767150879e-6,FALSE
03354011,Jameln,36188107.7452416,Jameln,36188107.745241165,1.000000000000012,-4.3213367462158203e-7,FALSE
16073076,"Rudolstadt, Stadt",135148386.92623234,Rudolstadt,135148386.92623073,1.000000000000012,-1.6093254089355469e-6,FALSE
14521240,Großolbersdorf,22676551.100191846,Großolbersdorf,22676551.100191567,1.0000000000000122,-2.7939677238464355e-7,FALSE
01056049,"Uetersen, Stadt",11385692.035719078,Uetersen,11385692.035718938,1.0000000000000122,-1.3969838619232178e-7,FALSE
14523100,"Elsterberg, Stadt",25111355.61468278,Elsterberg,25111355.614682466,1.0000000000000124,-3.129243850708008e-7,FALSE
15084360,"Nebra (Unstrut), Stadt",25379985.68486484,Nebra (Unstrut),25379985.68486453,1.0000000000000124,-3.129243850708008e-7,FALSE
12061428,Schlepzig/Słopišća,30568354.692797944,Schlepzig,30568354.692797564,1.0000000000000124,-3.7997961044311523e-7,FALSE
13076143,Vielank,77435610.78714104,Vielank,77435610.78714007,1.0000000000000124,-9.685754776000977e-7,FALSE
01056027,Hetlingen,16599690.141962651,Hetlingen,16599690.141962444,1.0000000000000124,-2.0675361156463623e-7,FALSE
13076075,Kreien,25035627.88216389,Kreien,25035627.882163573,1.0000000000000127,-3.166496753692627e-7,FALSE
03355021,Lüdersburg,19123323.27719227,Lüdersburg,19123323.277192026,1.0000000000000127,-2.421438694000244e-7,FALSE
15088365,Teutschenthal,91010959.2925323,Teutschenthal,91010959.29253115,1.0000000000000127,-1.1473894119262695e-6,FALSE
15083557,Westheide,51253854.46968897,Westheide,51253854.469688304,1.0000000000000129,-6.631016731262207e-7,FALSE
14522580,Wechselburg,25794664.906504445,Wechselburg,25794664.90650411,1.000000000000013,-3.3527612686157227e-7,FALSE
13076034,"Dömitz, Stadt",60496863.98778677,Dömitz,60496863.98778597,1.000000000000013,-7.972121238708496e-7,FALSE
14729100,Elstertrebnitz,11624845.866545934,Elstertrebnitz,11624845.86654578,1.0000000000000133,-1.5459954738616943e-7,FALSE
12065036,Birkenwerder,17775945.986771047,Birkenwerder,17775945.98677081,1.0000000000000133,-2.384185791015625e-7,FALSE
15086145,Möser,81009143.9028585,Möser,81009143.90285742,1.0000000000000133,-1.0728836059570312e-06,FALSE
15091010,"Annaburg, Stadt",226706298.1960224,Annaburg,226706298.19601938,1.0000000000000133,-3.0100345611572266e-6,FALSE
15090003,Aland,92856562.30090185,Aland,92856562.30090061,1.0000000000000133,-1.2367963790893555e-6,FALSE
15088020,"Bad Dürrenberg, Solestadt",36456820.25492458,Bad Dürrenberg,36456820.25492409,1.0000000000000135,-4.917383193969727e-7,FALSE
14627180,"Nossen, Stadt",125244731.56155328,Nossen,125244731.56155156,1.0000000000000138,-1.7285346984863281e-6,FALSE
01061053,Kollmoor,3444772.4319797195,Kollmoor,3444772.431979671,1.000000000000014,-4.842877388000488e-8,FALSE
14625340,Malschwitz / Malešecy,93439533.97735581,Malschwitz,93439533.9773545,1.000000000000014,-1.3113021850585938e-06,FALSE
12061572,Zeuthen,13420943.976093806,Zeuthen,13420943.976093616,1.0000000000000142,-1.8998980522155762e-7,FALSE
12068425,Temnitzquell,65814910.209693804,Temnitzquell,65814910.209692866,1.0000000000000142,-9.387731552124023e-7,FALSE
15091145,"Jessen (Elster), Stadt",354368138.6271013,Jessen (Elster),354368138.6270962,1.0000000000000144,-5.125999450683594e-6,FALSE
12062336,Merzdorf,12885550.654486716,Merzdorf,12885550.65448653,1.0000000000000144,-1.862645149230957e-7,FALSE
01061014,Bokhorst,5935893.503579033,Bokhorst,5935893.503578946,1.0000000000000147,-8.66129994392395e-8,FALSE
01061074,Neuendorf b. Elmshorn,14969481.546629831,Neuendorf b.Elmshorn,14969481.54662961,1.0000000000000149,-2.2165477275848389e-7,FALSE
12061217,Heidesee,136364223.1475572,Heidesee,136364223.14755517,1.0000000000000149,-2.0265579223632812e-06,FALSE
01061088,Quarnstedt,10544249.879197307,Quarnstedt,10544249.879197147,1.000000000000015,-1.601874828338623e-7,FALSE
14729350,"Pegau, Stadt",48722638.77218753,Pegau,48722638.77218679,1.000000000000015,-7.37607479095459e-7,FALSE
12071028,Briesen/Brjazyna,9164530.61977508,Briesen,9164530.619774941,1.000000000000015,-1.3783574104309082e-7,FALSE
14729320,Neukieritzsch,57209117.34252836,Neukieritzsch,57209117.342527494,1.000000000000015,-8.642673492431641e-7,FALSE
15084135,"Freyburg (Unstrut), Stadt",46843268.74310656,Freyburg (Unstrut),46843268.74310584,1.0000000000000153,-7.152557373046875e-7,FALSE
14627030,Ebersbach,84269636.6940413,Ebersbach,84269636.69404,1.0000000000000153,-1.296401023864746e-6,FALSE
14521220,Gornau/Erzgeb.,19755555.355330147,Gornau/Erzgeb.,19755555.35532984,1.0000000000000155,-3.0547380447387695e-7,FALSE
01058132,Rade b. Rendsburg,6537224.424454704,Rade b.Rendsburg,6537224.4244546015,1.0000000000000158,-1.0244548320770264e-7,FALSE
01061006,Bahrenfleth,14412558.097566143,Bahrenfleth,14412558.097565915,1.0000000000000158,-2.2724270820617676e-7,FALSE
13071077,Klink,25077178.987248525,Klink,25077178.987248123,1.000000000000016,-4.023313522338867e-7,FALSE
16074063,Neuengönna,6143386.212843893,Neuengönna,6143386.212843794,1.000000000000016,-9.872019290924072e-8,FALSE
12066292,Schwarzbach,16003257.327448994,Schwarzbach,16003257.327448733,1.0000000000000162,-2.60770320892334e-7,FALSE
14729400,"Trebsen/Mulde, Stadt",35158509.02655499,Trebsen/Mulde,35158509.02655442,1.0000000000000162,-5.662441253662109e-7,FALSE
15090285,Kamern,68271652.28995271,Kamern,68271652.2899516,1.0000000000000164,-1.1175870895385742e-6,FALSE
14729360,"Regis-Breitingen, Stadt",26429546.760909304,Regis-Breitingen,26429546.760908872,1.0000000000000164,-4.3213367462158203e-7,FALSE
03354014,Langendorf,41002820.83660284,Langendorf,41002820.836602144,1.0000000000000169,-6.92903995513916e-7,FALSE
15088216,"Wettin-Löbejün, Stadt",127662765.18893006,Wettin-Löbejün,127662765.18892792,1.0000000000000169,-2.1457672119140625e-6,FALSE
14522150,"Frankenberg/Sa., Stadt, Garnisonsstadt",65535416.387952015,Frankenberg/Sa.,65535416.38795091,1.0000000000000169,-1.1026859283447266e-6,FALSE
12068426,Temnitztal,52423334.85008323,Temnitztal,52423334.85008234,1.000000000000017,-8.940696716308594e-7,FALSE
14522440,"Oederan, Stadt",77683163.59428096,Oederan,77683163.59427962,1.0000000000000173,-1.341104507446289e-6,FALSE
03352029,Lamstedt,52748696.22803122,Lamstedt,52748696.2280303,1.0000000000000173,-9.164214134216309e-7,FALSE
16075046,"Hirschberg, Stadt",24263319.63268835,Hirschberg,24263319.632687926,1.0000000000000175,-4.246830940246582e-7,FALSE
12069696,"Ziesar, Stadt",68066575.69398089,Ziesar,68066575.6939797,1.0000000000000175,-1.1920928955078125e-6,FALSE
03354009,"Hitzacker (Elbe), Stadt",58662905.240189776,Hitzacker (Elbe),58662905.24018873,1.0000000000000178,-1.043081283569336e-6,FALSE
16073035,Hohenwarte,6515428.406676222,Hohenwarte,6515428.406676106,1.0000000000000178,-1.1548399925231934e-7,FALSE
01058124,Osterrönfeld,17906363.46134837,Osterrönfeld,17906363.46134805,1.000000000000018,-3.203749656677246e-7,FALSE
16076093,Mohlsdorf-Teichwolframsdorf,51148534.17445439,Mohlsdorf-Teichwolframsdorf,51148534.17445346,1.0000000000000182,-9.313225746154785e-7,FALSE
13076067,Karenz,6848559.861876026,Karenz,6848559.861875899,1.0000000000000184,-1.2665987014770508e-7,FALSE
01061103,Störkathen,2005973.5893690432,Störkathen,2005973.5893690065,1.0000000000000184,-3.67872416973114e-8,FALSE
13076122,Schwanheide,26626977.937083803,Schwanheide,26626977.937083315,1.0000000000000184,-4.880130290985107e-7,FALSE
03355028,Radbruch,22502434.334318712,Radbruch,22502434.334318295,1.0000000000000187,-4.172325134277344e-7,FALSE
15088305,"Querfurt, Stadt",156684041.79859716,Querfurt,156684041.7985942,1.0000000000000189,-2.950429916381836e-6,FALSE
14729380,Thallwitz,52891027.23507081,Thallwitz,52891027.235069804,1.000000000000019,-1.0058283805847168e-6,FALSE
01056028,Holm,15978636.194305502,Holm,15978636.194305196,1.000000000000019,-3.0547380447387695e-7,FALSE
01051010,Brickeln,6016044.624081851,Brickeln,6016044.624081735,1.0000000000000193,-1.1641532182693481e-7,FALSE
03354007,Gorleben,21487097.67770454,Gorleben,21487097.677704126,1.0000000000000193,-4.1350722312927246e-7,FALSE
01061002,Aebtissinwisch,3017954.6879801634,Aebtissinwisch,3017954.6879801042,1.0000000000000195,-5.9138983488082886e-8,FALSE
12065256,"Oranienburg, Stadt",164318985.6096636,Oranienburg,164318985.6096604,1.0000000000000195,-3.2186508178710938e-06,FALSE
13076016,Brahlstorf,21895462.270906582,Brahlstorf,21895462.270906154,1.0000000000000195,-4.284083843231201e-7,FALSE
12065332,"Velten, Stadt",23497701.2250585,Velten,23497701.225058038,1.0000000000000198,-4.6193599700927734e-7,FALSE
14625330,Lohsa / Łaz,134810705.16633353,Lohsa,134810705.16633087,1.0000000000000198,-2.652406692504883e-6,FALSE
13076161,Zierzow,13267494.497891597,Zierzow,13267494.49789133,1.0000000000000202,-2.682209014892578e-7,FALSE
01056016,Groß Nordende,5336383.99841116,Groß Nordende,5336383.998411052,1.0000000000000202,-1.0803341865539551e-7,FALSE
01061068,Moordiek,6108671.251558691,Moordiek,6108671.251558565,1.0000000000000207,-1.2665987014770508e-7,FALSE
13071119,Priepert,22199734.212614886,Priepert,22199734.212614417,1.000000000000021,-4.6938657760620117e-7,FALSE
01058140,Schacht-Audorf,6278333.662421718,Schacht-Audorf,6278333.662421584,1.0000000000000213,-1.341104507446289e-7,FALSE
15090435,Rochau,39086676.02958974,Rochau,39086676.02958891,1.0000000000000213,-8.3446502685546875e-07,FALSE
12069019,Beetzseeheide,37603644.44176972,Beetzseeheide,37603644.4417689,1.0000000000000218,-8.195638656616211e-7,FALSE
01053006,Basedow,7514836.8301143795,Basedow,7514836.830114216,1.0000000000000218,-1.6391277313232422e-7,FALSE
15090631,Wust-Fischbeck,68361806.3752597,Wust-Fischbeck,68361806.37525818,1.0000000000000222,-1.519918441772461e-6,FALSE
16068058,"Weißensee, Stadt",55402086.43048996,Weißensee,55402086.43048872,1.0000000000000224,-1.2367963790893555e-6,FALSE
03352004,Belum,25542530.379045248,Belum,25542530.37904467,1.0000000000000226,-5.774199962615967e-7,FALSE
12063112,Großderschau,20162144.1776432,Großderschau,20162144.17764274,1.0000000000000226,-4.5821070671081543e-7,FALSE
16075135,"Saalburg-Ebersdorf, Stadt",71996977.28873862,Saalburg-Ebersdorf,71996977.28873697,1.0000000000000229,-1.6540288925170898e-6,FALSE
03352055,Wanna,54053527.13815348,Wanna,54053527.13815224,1.0000000000000229,-1.2367963790893555e-6,FALSE
14522320,Leubsdorf,34311583.959521055,Leubsdorf,34311583.95952025,1.0000000000000235,-8.046627044677734e-7,FALSE
12067124,"Erkner, Stadt",17720248.589903317,Erkner,17720248.5899029,1.0000000000000235,-4.172325134277344e-7,FALSE
14524080,"Glauchau, Stadt",52051737.98034349,Glauchau,52051737.980342254,1.0000000000000238,-1.2367963790893555e-6,FALSE
03357043,Selsingen,42074024.25889644,Selsingen,42074024.25889544,1.0000000000000238,-9.98377799987793e-7,FALSE
15088220,"Merseburg, Stadt",54399314.118815966,Merseburg,54399314.11881466,1.000000000000024,-1.30385160446167e-6,FALSE
14627060,"Großenhain, Stadt",130422644.66107243,Großenhain,130422644.6610693,1.000000000000024,-3.129243850708008e-6,FALSE
01053012,Börnsen,8318068.951110266,Börnsen,8318068.951110065,1.0000000000000242,-2.0116567611694336e-7,FALSE
03360025,"Uelzen, Hansestadt",136860915.81508216,Uelzen,136860915.81507882,1.0000000000000244,-3.337860107421875e-6,FALSE
15082256,Osternienburger Land,140361657.66805577,Osternienburger Land,140361657.66805235,1.0000000000000244,-3.427267074584961e-6,FALSE
03154012,Jerxheim,17106738.65632046,Jerxheim,17106738.656320043,1.0000000000000244,-4.172325134277344e-7,FALSE
12061260,"Königs Wusterhausen, Stadt",95986510.31694317,Königs Wusterhausen,95986510.3169408,1.0000000000000246,-2.3692846298217773e-6,FALSE
14522530,Seelitz,31490882.602005318,Seelitz,31490882.602004535,1.0000000000000249,-7.82310962677002e-7,FALSE
16075125,Wilhelmsdorf,9420791.179881588,Wilhelmsdorf,9420791.17988135,1.0000000000000253,-2.384185791015625e-7,FALSE
16068059,Werningshausen,12699180.881688714,Werningshausen,12699180.881688392,1.0000000000000253,-3.2223761081695557e-7,FALSE
12067137,"Friedland, Stadt",174356380.08987784,Friedland,174356380.08987343,1.0000000000000253,-4.410743713378906e-6,FALSE
03357042,Seedorf,18706735.804174583,Seedorf,18706735.80417411,1.0000000000000253,-4.731118679046631e-7,FALSE
14627040,Glaubitz,14259650.797949918,Glaubitz,14259650.79794955,1.0000000000000258,-3.6694109439849854e-7,FALSE
14522360,"Mittweida, Stadt, Hochschulstadt",41127840.981736146,Mittweida,41127840.98173508,1.000000000000026,-1.0654330253601074e-6,FALSE
15087055,Berga,25953198.579205148,Berga,25953198.57920447,1.0000000000000262,-6.780028343200684e-7,FALSE
12068501,Zernitz-Lohm,37687852.186607175,Zernitz-Lohm,37687852.18660619,1.0000000000000262,-9.834766387939453e-7,FALSE
09475141,Köditz,31325664.771679793,Köditz,31325664.771678966,1.0000000000000264,-8.270144462585449e-7,FALSE
12067481,"Storkow (Mark), Stadt",180695975.93587095,Storkow (Mark),180695975.93586615,1.0000000000000266,-4.798173904418945e-6,FALSE
14522020,"Augustusburg, Stadt",23353480.299974702,Augustusburg,23353480.299974073,1.0000000000000269,-6.295740604400635e-7,FALSE
12069460,Päwesin,23664940.77000308,Päwesin,23664940.770002447,1.0000000000000269,-6.332993507385254e-7,FALSE
16068049,Schwerstedt,12696792.669304982,Schwerstedt,12696792.66930464,1.000000000000027,-3.427267074584961e-7,FALSE
01061047,Kaaks,8663514.74306047,Kaaks,8663514.743060235,1.000000000000027,-2.3469328880310059e-7,FALSE
14612000,"Dresden, Stadt",328736783.0964266,Dresden,328736783.09641767,1.000000000000027,-8.940696716308594e-6,FALSE
16075023,Eßbach,5443529.330010125,Eßbach,5443529.330009976,1.0000000000000273,-1.4901161193847656e-7,FALSE
01061082,Oldendorf,9939945.078587392,Oldendorf,9939945.078587115,1.000000000000028,-2.775341272354126e-7,FALSE
16073107,Drognitz,24042773.593519855,Drognitz,24042773.59351918,1.000000000000028,-6.742775440216064e-7,FALSE
12063228,Paulinenaue,31721999.898019273,Paulinenaue,31721999.89801838,1.0000000000000282,-8.940696716308594e-7,FALSE
16062064,"Heringen/Helme, Stadt",66707462.697710454,Heringen/Helme,66707462.69770858,1.0000000000000282,-1.8775463104248047e-6,FALSE
03353033,Tespe,24899031.941648275,Tespe,24899031.941647574,1.0000000000000282,-7.003545761108398e-7,FALSE
15084250,Karsdorf,19995011.69017601,Karsdorf,19995011.690175444,1.0000000000000284,-5.662441253662109e-7,FALSE
13076126,Spornitz,48802531.16210306,Spornitz,48802531.162101656,1.0000000000000286,-1.4007091522216797e-6,FALSE
01061117,Wulfsmoor,8798835.28707704,Wulfsmoor,8798835.287076786,1.0000000000000289,-2.5331974029541016e-7,FALSE
12066296,"Schwarzheide, Stadt",33551212.206033975,Schwarzheide,33551212.206033006,1.0000000000000289,-9.685754776000977e-7,FALSE
01051076,Neufeld,10473403.633894265,Neufeld,10473403.633893961,1.000000000000029,-3.03611159324646e-7,FALSE
03355011,Brietlingen,19952780.234823033,Brietlingen,19952780.234822452,1.000000000000029,-5.811452865600586e-7,FALSE
15090220,Hassel,20426442.34735562,Hassel,20426442.347355027,1.000000000000029,-5.923211574554443e-7,FALSE
16068014,"Gebesee, Stadt",23929036.68319195,Gebesee,23929036.68319125,1.0000000000000293,-7.003545761108398e-7,FALSE
16074065,"Orlamünde, Stadt",7560729.246217661,Orlamünde,7560729.246217439,1.0000000000000293,-2.2165477275848389e-7,FALSE
12063161,Kleßen-Görne,42058614.66530366,Kleßen-Görne,42058614.665302426,1.0000000000000293,-1.2367963790893555e-6,FALSE
03360008,Emmendorf,11000591.927796945,Emmendorf,11000591.927796617,1.0000000000000298,-3.2782554626464844e-7,FALSE
03352045,Osterbruch,10521142.056641757,Osterbruch,10521142.056641445,1.0000000000000298,-3.129243850708008e-7,FALSE
01061062,Landrecht,3973769.81040819,Landrecht,3973769.8104080707,1.00000000000003,-1.1920928955078125e-7,FALSE
13076037,Eldena,34251458.78441331,Eldena,34251458.78441228,1.00000000000003,-1.0281801223754883e-6,FALSE
15083270,"Haldensleben, Stadt",156410219.9081477,Haldensleben,156410219.9081429,1.0000000000000306,-4.798173904418945e-6,FALSE
03359032,Mittelnkirchen,6941695.411594164,Mittelnkirchen,6941695.411593951,1.0000000000000306,-2.123415470123291e-7,FALSE
16074087,Schöps,4478794.546624742,Schöps,4478794.546624605,1.0000000000000309,-1.3783574104309082e-7,FALSE
12067201,Grünheide (Mark),126594762.92223486,Grünheide (Mark),126594762.92223093,1.000000000000031,-3.933906555175781e-6,FALSE
16068051,"Sömmerda, Stadt",87917087.60362637,Sömmerda,87917087.60362361,1.0000000000000313,-2.7567148208618164e-6,FALSE
14730360,Zschepplin,68340923.94879277,Zschepplin,68340923.94879061,1.0000000000000315,-2.16066837310791e-6,FALSE
15090270,Iden,37826011.59551673,Iden,37826011.59551551,1.0000000000000322,-1.214444637298584e-6,FALSE
01058026,Bovenau,26323947.191627398,Bovenau,26323947.191626534,1.0000000000000329,-8.642673492431641e-7,FALSE
14522250,"Hartha, Stadt",54327358.423453875,Hartha,54327358.423452094,1.0000000000000329,-1.780688762664795e-6,FALSE
14627170,Niederau,35384670.56995747,Niederau,35384670.56995631,1.0000000000000329,-1.1622905731201172e-6,FALSE
13076088,"Lübtheen, Stadt",120328010.22910318,Lübtheen,120328010.22909904,1.0000000000000344,-4.1425228118896484e-6,FALSE
13076138,Tessin b. Boizenburg,10309156.297666453,Tessin b.Boizenburg,10309156.297666095,1.0000000000000346,-3.5762786865234375e-7,FALSE
03355042,Wittorf,12084300.577133037,Wittorf,12084300.577132616,1.0000000000000349,-4.209578037261963e-7,FALSE
14522330,Lichtenau,49149615.82094063,Lichtenau,49149615.820938915,1.0000000000000349,-1.7136335372924805e-6,FALSE
13076079,Kuhstorf,15091729.821308225,Kuhstorf,15091729.821307696,1.000000000000035,-5.289912223815918e-7,FALSE
01053111,Schnakenbek,12863118.632286727,Schnakenbek,12863118.632286275,1.000000000000035,-4.5262277126312256e-7,FALSE
12071176,Heinersbrück/Móst,24036811.57600856,Heinersbrück,24036811.57600771,1.0000000000000353,-8.493661880493164e-7,FALSE
15082301,"Raguhn-Jeßnitz, Stadt",97547663.79530261,Raguhn-Jeßnitz,97547663.79529916,1.0000000000000355,-3.4570693969726562e-06,FALSE
14521150,Drebach,33008113.85600083,Drebach,33008113.855999652,1.0000000000000357,-1.1771917343139648e-6,FALSE
13071159,"Wesenberg, Stadt",90112541.7290533,Wesenberg,90112541.72905003,1.0000000000000364,-3.2782554626464844e-6,FALSE
03355018,Hittbergen,14690458.48750323,Hittbergen,14690458.487502694,1.0000000000000364,-5.364418029785156e-7,FALSE
15090008,Altmärkische Wische,67544348.28100273,Altmärkische Wische,67544348.28100026,1.0000000000000366,-2.473592758178711e-6,FALSE
15090635,Zehrental,72718261.80264562,Zehrental,72718261.80264291,1.0000000000000373,-2.7120113372802734e-6,FALSE
01061071,Mühlenbarbek,8689034.400647506,Mühlenbarbek,8689034.400647178,1.0000000000000377,-3.2782554626464844e-7,FALSE
01051021,Diekhusen-Fahrstedt,7528229.912737269,Diekhusen-Fahrstedt,7528229.912736982,1.0000000000000382,-2.868473529815674e-7,FALSE
01061092,Rethwisch,9857483.889929697,Rethwisch,9857483.889929313,1.0000000000000389,-3.8370490074157715e-7,FALSE
12061005,Alt Zauche-Wußwerk/Stara Niwa-Wózwjerch,33217688.63205743,Alt Zauche-Wußwerk,33217688.632056132,1.000000000000039,-1.296401023864746e-6,FALSE
12068320,"Neuruppin, Stadt",305934233.0181764,Neuruppin,305934233.01816416,1.00000000000004,-1.2218952178955078e-5,FALSE
12067144,"Fürstenwalde/Spree, Stadt",70607103.70768449,Fürstenwalde/Spree,70607103.70768166,1.0000000000000402,-2.8312206268310547e-6,FALSE
12063094,Gollenberg,30299023.899702646,Gollenberg,30299023.899701424,1.0000000000000404,-1.2218952178955078e-6,FALSE
13076100,Muchow,19385454.226400018,Muchow,19385454.226399228,1.0000000000000406,-7.897615432739258e-7,FALSE
15087101,Brücken-Hackpfüffel,16744209.004627883,Brücken-Hackpfüffel,16744209.004627198,1.0000000000000409,-6.854534149169922e-7,FALSE
14625160,Großdubrau / Wulka Dubrawa,54384025.18492322,Großdubrau,54384025.184921,1.0000000000000409,-2.2202730178833008e-6,FALSE
12071412,Werben/Wjerbno,25107230.69742754,Werben,25107230.69742649,1.0000000000000417,-1.0505318641662598e-6,FALSE
16071056,Mellingen,14402466.832060397,Mellingen,14402466.832059782,1.0000000000000426,-6.146728992462158e-7,FALSE
16074044,"Kahla, Stadt",7954908.001113616,Kahla,7954908.001113277,1.0000000000000426,-3.390014171600342e-7,FALSE
14524150,Langenweißbach,22731716.173848413,Langenweißbach,22731716.17384742,1.0000000000000437,-9.94652509689331e-7,FALSE
03359027,"Horneburg, Flecken",16902118.424427878,Horneburg,16902118.424427122,1.0000000000000446,-7.562339305877686e-7,FALSE
16068015,Griefstedt,5038003.12414214,Griefstedt,5038003.124141913,1.000000000000045,-2.2724270820617676e-7,FALSE
01061017,Breitenburg,10201455.348516634,Breitenburg,10201455.348516174,1.000000000000045,-4.600733518600464e-7,FALSE
12061328,"Märkisch Buchholz, Stadt",24941661.900901288,Märkisch Buchholz,24941661.900900096,1.0000000000000477,-1.1920928955078125e-6,FALSE
03359040,Wischhafen,27624832.215678915,Wischhafen,27624832.21567756,1.000000000000049,-1.3560056686401367e-6,FALSE
01061058,Kronsmoor,6061000.773229927,Kronsmoor,6061000.773229629,1.000000000000049,-2.980232238769531e-7,FALSE
01061050,Kiebitzreihe,8531272.585621804,Kiebitzreihe,8531272.58562138,1.0000000000000497,-4.246830940246582e-7,FALSE
12071041,Dissen-Striesow/Dešno-Strjažow,19911812.74790395,Dissen-Striesow,19911812.74790296,1.0000000000000497,-9.909272193908691e-7,FALSE
01061039,Hodorf,7386965.988380849,Hodorf,7386965.988380481,1.00000000000005,-3.688037395477295e-7,FALSE
15084590,"Zeitz, Stadt",87425518.62370907,Zeitz,87425518.6237047,1.00000000000005,-4.366040229797363e-6,FALSE
01061112,Willenscharen,7589153.329742186,Willenscharen,7589153.329741799,1.0000000000000508,-3.864988684654236e-7,FALSE
13076008,Belsch,22625583.52322931,Belsch,22625583.52322813,1.000000000000052,-1.1771917343139648e-6,FALSE
13076085,Lewitzrand,46856627.2374156,Lewitzrand,46856627.23741313,1.0000000000000526,-2.466142177581787e-6,FALSE
12071060,Drehnow/Drjenow,10968965.45124574,Drehnow,10968965.451245159,1.000000000000053,-5.811452865600586e-7,FALSE
01053019,Buchhorst,5373355.96979126,Buchhorst,5373355.969790967,1.0000000000000544,-2.9243528842926025e-7,FALSE
03354019,Neu Darchau,22822226.923658133,Neu Darchau,22822226.923656836,1.0000000000000568,-1.296401023864746e-6,FALSE
12061450,Schwielochsee/Gójacki Jazor,132472887.78209683,Schwielochsee,132472887.78208888,1.0000000000000602,-7.957220077514648e-6,FALSE
01061007,Beidenfleth,13763809.55368054,Beidenfleth,13763809.553679705,1.0000000000000606,-8.3446502685546875e-07,FALSE
14730090,"Dommitzsch, Stadt",30367421.918439046,Dommitzsch,30367421.9184372,1.0000000000000606,-1.8440186977386475e-6,FALSE
13076156,Wöbbelin,23499854.895242304,Wöbbelin,23499854.895240724,1.0000000000000673,-1.5795230865478516e-6,FALSE
01061119,Neuendorf-Sachsenbande,19409666.28505248,Neuendorf-Sachsenbande,19409666.285051152,1.0000000000000684,-1.3262033462524414e-6,FALSE
16075127,"Ziegenrück, Stadt",8250127.51642172,Ziegenrück,8250127.516421139,1.0000000000000704,-5.811452865600586e-7,FALSE
01051072,"Marne, Stadt",4805804.8768258765,Marne,4805804.876825534,1.0000000000000713,-3.427267074584961e-7,FALSE
14524260,Remse,14386253.492599413,Remse,14386253.492598355,1.0000000000000735,-1.0579824447631836e-6,FALSE
12066316,Tettau,8945355.58874631,Tettau,8945355.58874562,1.000000000000077,-6.891787052154541e-7,FALSE
14522500,Rossau,53736567.174035676,Rossau,53736567.17403154,1.000000000000077,-4.135072231292725e-6,FALSE
01061019,Brokstedt,12484752.215124667,Brokstedt,12484752.215123676,1.0000000000000793,-9.909272193908691e-7,FALSE
01051016,Burg (Dithmarschen),11374810.187516153,Burg (Dithmarschen),11374810.187515236,1.0000000000000806,-9.164214134216309e-7,FALSE
03359007,Bliedersdorf,12401586.09695375,Bliedersdorf,12401586.096952744,1.000000000000081,-1.0058283805847168e-6,FALSE
01058172,Westerrönfeld,7731811.635130867,Westerrönfeld,7731811.63513024,1.0000000000000813,-6.277114152908325e-7,FALSE
01061105,Vaale,14927650.039077573,Vaale,14927650.039076356,1.0000000000000815,-1.216307282447815e-6,FALSE
16071022,Großheringen,6057917.431901298,Großheringen,6057917.431900784,1.0000000000000848,-5.140900611877441e-7,FALSE
16075079,Paska,6513323.312807977,Paska,6513323.312807415,1.0000000000000864,-5.62518835067749e-7,FALSE
01061004,Altenmoor,6303190.452100892,Altenmoor,6303190.452100348,1.0000000000000864,-5.438923835754395e-7,FALSE
16065086,"Artern, Stadt",44869652.32949507,Artern,44869652.329491064,1.0000000000000893,-4.0084123611450195e-6,FALSE
14628210,"Königstein/Sächs. Schw., Stadt",27282672.138917983,Königstein/Sächs.Schw.,27282672.13891542,1.000000000000094,-2.562999725341797e-6,FALSE
16068009,Elxleben,12182387.021897644,Elxleben,12182387.021896467,1.0000000000000966,-1.1771917343139648e-6,FALSE
03355014,Deutsch Evern,11067871.539231494,Deutsch Evern,11067871.539230257,1.0000000000001117,-1.2367963790893555e-6,FALSE
15085287,Selke-Aue,36645534.96901658,Selke-Aue,36645534.96901242,1.0000000000001137,-4.16487455368042e-6,FALSE
01061080,Oeschebüttel,5524785.212855309,Oeschebüttel,5524785.212854512,1.0000000000001443,-7.972121238708496e-7,FALSE
01061114,Winseldorf,5442342.502823077,Winseldorf,5442342.502822228,1.000000000000156,-8.493661880493164e-7,FALSE
01061059,Krummendiek,1777580.51759997,Krummendiek,1777580.5175996497,1.0000000000001803,-3.203749656677246e-7,FALSE
01061109,Westermoor,9361103.215153813,Westermoor,9361103.215152033,1.0000000000001903,-1.780688762664795e-6,FALSE
